[{"model": "admin.logentry", "pk": 1, "fields": {"action_time": "2020-12-22T13:54:40.188Z", "user": 1, "content_type": 7, "object_id": "1", "object_repr": "BlogCategory object (1)", "action_flag": 1, "change_message": "[{\"added\": {}}]"}}, {"model": "admin.logentry", "pk": 2, "fields": {"action_time": "2020-12-22T13:55:12.073Z", "user": 1, "content_type": 8, "object_id": "1", "object_repr": "Blog object (1)", "action_flag": 1, "change_message": "[{\"added\": {}}]"}}, {"model": "admin.logentry", "pk": 3, "fields": {"action_time": "2020-12-22T13:58:30.480Z", "user": 1, "content_type": 8, "object_id": "1", "object_repr": "Blog object (1)", "action_flag": 3, "change_message": ""}}, {"model": "admin.logentry", "pk": 4, "fields": {"action_time": "2020-12-22T14:05:11.652Z", "user": 1, "content_type": 8, "object_id": "1", "object_repr": "Blog object (1)", "action_flag": 1, "change_message": "[{\"added\": {}}]"}}, {"model": "admin.logentry", "pk": 5, "fields": {"action_time": "2020-12-22T14:05:26.759Z", "user": 1, "content_type": 8, "object_id": "1", "object_repr": "Blog object (1)", "action_flag": 3, "change_message": ""}}, {"model": "admin.logentry", "pk": 6, "fields": {"action_time": "2020-12-22T14:05:44.987Z", "user": 1, "content_type": 8, "object_id": "2", "object_repr": "Blog object (2)", "action_flag": 1, "change_message": "[{\"added\": {}}]"}}, {"model": "admin.logentry", "pk": 7, "fields": {"action_time": "2020-12-22T14:09:43.372Z", "user": 1, "content_type": 7, "object_id": "2", "object_repr": "科普", "action_flag": 1, "change_message": "[{\"added\": {}}]"}}, {"model": "admin.logentry", "pk": 8, "fields": {"action_time": "2020-12-23T15:21:39.874Z", "user": 1, "content_type": 8, "object_id": "2", "object_repr": "Blog object (2)", "action_flag": 2, "change_message": "[]"}}, {"model": "admin.logentry", "pk": 9, "fields": {"action_time": "2020-12-23T15:25:42.940Z", "user": 1, "content_type": 8, "object_id": "2", "object_repr": "Blog object (2)", "action_flag": 2, "change_message": "[]"}}, {"model": "admin.logentry", "pk": 10, "fields": {"action_time": "2020-12-23T15:25:49.490Z", "user": 1, "content_type": 8, "object_id": "2", "object_repr": "Blog object (2)", "action_flag": 2, "change_message": "[]"}}, {"model": "admin.logentry", "pk": 11, "fields": {"action_time": "2020-12-23T15:28:31.332Z", "user": 1, "content_type": 8, "object_id": "2", "object_repr": "Blog object (2)", "action_flag": 2, "change_message": "[]"}}, {"model": "admin.logentry", "pk": 12, "fields": {"action_time": "2020-12-23T15:31:31.614Z", "user": 1, "content_type": 8, "object_id": "3", "object_repr": "Blog object (3)", "action_flag": 1, "change_message": "[{\"added\": {}}]"}}, {"model": "admin.logentry", "pk": 13, "fields": {"action_time": "2020-12-24T14:19:06.021Z", "user": 1, "content_type": 8, "object_id": "4", "object_repr": "Blog object (4)", "action_flag": 1, "change_message": "[{\"added\": {}}]"}}, {"model": "admin.logentry", "pk": 14, "fields": {"action_time": "2020-12-25T16:34:25.768Z", "user": 1, "content_type": 8, "object_id": "5", "object_repr": "Blog object (5)", "action_flag": 1, "change_message": "[{\"added\": {}}]"}}, {"model": "admin.logentry", "pk": 15, "fields": {"action_time": "2020-12-25T16:35:08.904Z", "user": 1, "content_type": 8, "object_id": "6", "object_repr": "Blog object (6)", "action_flag": 1, "change_message": "[{\"added\": {}}]"}}, {"model": "admin.logentry", "pk": 16, "fields": {"action_time": "2021-01-10T15:06:33.729Z", "user": 1, "content_type": 8, "object_id": "2", "object_repr": "<Blog:One>", "action_flag": 2, "change_message": "[{\"changed\": {\"fields\": [\"Content\"]}}]"}}, {"model": "admin.logentry", "pk": 17, "fields": {"action_time": "2021-01-10T15:07:30.382Z", "user": 1, "content_type": 8, "object_id": "2", "object_repr": "<Blog:One>", "action_flag": 2, "change_message": "[{\"changed\": {\"fields\": [\"Content\"]}}]"}}, {"model": "admin.logentry", "pk": 18, "fields": {"action_time": "2021-01-10T15:35:20.194Z", "user": 1, "content_type": 8, "object_id": "37", "object_repr": "<Blog:shell下的第30篇文章>", "action_flag": 2, "change_message": "[{\"changed\": {\"fields\": [\"Content\"]}}]"}}, {"model": "admin.logentry", "pk": 19, "fields": {"action_time": "2021-01-10T15:35:27.931Z", "user": 1, "content_type": 8, "object_id": "37", "object_repr": "<Blog:shell下的第30篇文章>", "action_flag": 2, "change_message": "[]"}}, {"model": "admin.logentry", "pk": 20, "fields": {"action_time": "2021-01-10T16:47:38.735Z", "user": 1, "content_type": 8, "object_id": "37", "object_repr": "<Blog:shell下的第30篇文章>", "action_flag": 2, "change_message": "[{\"changed\": {\"fields\": [\"Content\"]}}]"}}, {"model": "admin.logentry", "pk": 21, "fields": {"action_time": "2021-01-10T18:43:23.965Z", "user": 1, "content_type": 9, "object_id": "1", "object_repr": "ReadNum object (1)", "action_flag": 1, "change_message": "[{\"added\": {}}]"}}, {"model": "admin.logentry", "pk": 22, "fields": {"action_time": "2021-01-11T13:22:45.530Z", "user": 1, "content_type": 10, "object_id": "1", "object_repr": "ReadNum object (1)", "action_flag": 1, "change_message": "[{\"added\": {}}]"}}, {"model": "admin.logentry", "pk": 23, "fields": {"action_time": "2021-01-11T13:41:31.008Z", "user": 1, "content_type": 8, "object_id": "37", "object_repr": "<Blog:shell下的第30篇文章>", "action_flag": 2, "change_message": "[]"}}, {"model": "admin.logentry", "pk": 24, "fields": {"action_time": "2021-01-11T13:41:51.185Z", "user": 1, "content_type": 8, "object_id": "2", "object_repr": "<Blog:One>", "action_flag": 2, "change_message": "[{\"changed\": {\"fields\": [\"Content\"]}}]"}}, {"model": "admin.logentry", "pk": 25, "fields": {"action_time": "2021-01-15T13:33:16.215Z", "user": 1, "content_type": 11, "object_id": "5", "object_repr": "ReadDetail object (5)", "action_flag": 1, "change_message": "[{\"added\": {}}]"}}, {"model": "admin.logentry", "pk": 26, "fields": {"action_time": "2021-01-15T13:34:16.170Z", "user": 1, "content_type": 10, "object_id": "7", "object_repr": "ReadNum object (7)", "action_flag": 1, "change_message": "[{\"added\": {}}]"}}, {"model": "admin.logentry", "pk": 27, "fields": {"action_time": "2021-01-15T18:00:13.402Z", "user": 1, "content_type": 10, "object_id": "7", "object_repr": "ReadNum object (7)", "action_flag": 2, "change_message": "[]"}}, {"model": "admin.logentry", "pk": 28, "fields": {"action_time": "2021-01-15T18:00:33.644Z", "user": 1, "content_type": 10, "object_id": "1", "object_repr": "ReadNum object (1)", "action_flag": 3, "change_message": ""}}, {"model": "admin.logentry", "pk": 29, "fields": {"action_time": "2021-01-17T13:08:31.126Z", "user": 1, "content_type": 12, "object_id": "4", "object_repr": "Comment object (4)", "action_flag": 3, "change_message": ""}}, {"model": "admin.logentry", "pk": 30, "fields": {"action_time": "2021-01-17T13:08:36.158Z", "user": 1, "content_type": 12, "object_id": "3", "object_repr": "Comment object (3)", "action_flag": 3, "change_message": ""}}, {"model": "admin.logentry", "pk": 31, "fields": {"action_time": "2021-01-17T13:08:39.764Z", "user": 1, "content_type": 12, "object_id": "2", "object_repr": "Comment object (2)", "action_flag": 3, "change_message": ""}}, {"model": "admin.logentry", "pk": 32, "fields": {"action_time": "2021-01-17T13:08:44.312Z", "user": 1, "content_type": 12, "object_id": "1", "object_repr": "Comment object (1)", "action_flag": 3, "change_message": ""}}, {"model": "admin.logentry", "pk": 33, "fields": {"action_time": "2021-01-17T13:11:36.062Z", "user": 1, "content_type": 12, "object_id": "5", "object_repr": "Comment object (5)", "action_flag": 3, "change_message": ""}}, {"model": "admin.logentry", "pk": 34, "fields": {"action_time": "2021-01-22T17:09:09.225Z", "user": 1, "content_type": 7, "object_id": "3", "object_repr": "其他", "action_flag": 1, "change_message": "[{\"added\": {}}]"}}, {"model": "admin.logentry", "pk": 35, "fields": {"action_time": "2021-01-22T17:46:40.667Z", "user": 1, "content_type": 11, "object_id": "15", "object_repr": "ReadDetail object (15)", "action_flag": 3, "change_message": ""}}, {"model": "admin.logentry", "pk": 36, "fields": {"action_time": "2021-01-22T17:47:42.675Z", "user": 1, "content_type": 10, "object_id": "6", "object_repr": "ReadNum object (6)", "action_flag": 3, "change_message": ""}}, {"model": "admin.logentry", "pk": 37, "fields": {"action_time": "2021-01-22T17:48:45.636Z", "user": 1, "content_type": 8, "object_id": "37", "object_repr": "<Blog:shell下的第30篇文章>", "action_flag": 3, "change_message": ""}}, {"model": "admin.logentry", "pk": 38, "fields": {"action_time": "2021-01-26T15:51:55.731Z", "user": 1, "content_type": 12, "object_id": "50", "object_repr": "reply", "action_flag": 2, "change_message": "[{\"changed\": {\"fields\": [\"Text\", \"Root\", \"Parent\", \"Reply to\"]}}]"}}, {"model": "admin.logentry", "pk": 39, "fields": {"action_time": "2021-01-26T15:52:22.587Z", "user": 1, "content_type": 12, "object_id": "50", "object_repr": "reply", "action_flag": 2, "change_message": "[{\"changed\": {\"fields\": [\"Reply to\"]}}]"}}, {"model": "admin.logentry", "pk": 40, "fields": {"action_time": "2021-01-26T16:08:36.853Z", "user": 1, "content_type": 12, "object_id": "50", "object_repr": "reply", "action_flag": 2, "change_message": "[]"}}, {"model": "admin.logentry", "pk": 41, "fields": {"action_time": "2021-01-26T16:09:20.407Z", "user": 1, "content_type": 12, "object_id": "50", "object_repr": "reply", "action_flag": 2, "change_message": "[{\"changed\": {\"fields\": [\"Root\", \"Parent\"]}}]"}}, {"model": "admin.logentry", "pk": 42, "fields": {"action_time": "2021-02-02T15:52:23.173Z", "user": 1, "content_type": 12, "object_id": "66", "object_repr": "<p>时间</p>", "action_flag": 3, "change_message": ""}}, {"model": "admin.logentry", "pk": 43, "fields": {"action_time": "2021-02-02T15:52:42.706Z", "user": 1, "content_type": 12, "object_id": "82", "object_repr": "<p>xx</p>", "action_flag": 3, "change_message": ""}}, {"model": "admin.logentry", "pk": 44, "fields": {"action_time": "2021-02-20T18:59:30.246Z", "user": 1, "content_type": 15, "object_id": "1", "object_repr": "<Profile>:labi0110 for jiayue.liang", "action_flag": 1, "change_message": "[{\"added\": {}}]"}}, {"model": "admin.logentry", "pk": 45, "fields": {"action_time": "2021-02-26T16:51:56.869Z", "user": 1, "content_type": 4, "object_id": "2", "object_repr": "jiayue", "action_flag": 2, "change_message": "[{\"changed\": {\"fields\": [\"Email address\"]}}]"}}, {"model": "admin.logentry", "pk": 46, "fields": {"action_time": "2021-02-26T16:52:06.266Z", "user": 1, "content_type": 4, "object_id": "1", "object_repr": "jiayue.liang", "action_flag": 2, "change_message": "[{\"changed\": {\"fields\": [\"Email address\"]}}]"}}, {"model": "admin.logentry", "pk": 47, "fields": {"action_time": "2021-03-03T15:17:51.081Z", "user": 1, "content_type": 4, "object_id": "3", "object_repr": "labi0110", "action_flag": 2, "change_message": "[{\"changed\": {\"fields\": [\"Email address\"]}}]"}}, {"model": "admin.logentry", "pk": 48, "fields": {"action_time": "2021-03-20T15:25:47.076Z", "user": 1, "content_type": 4, "object_id": "3", "object_repr": "labi0110", "action_flag": 2, "change_message": "[{\"changed\": {\"fields\": [\"password\"]}}]"}}, {"model": "admin.logentry", "pk": 49, "fields": {"action_time": "2021-03-20T15:26:28.076Z", "user": 1, "content_type": 4, "object_id": "1", "object_repr": "jiayue.liang", "action_flag": 2, "change_message": "[{\"changed\": {\"fields\": [\"Email address\"]}}]"}}, {"model": "auth.permission", "pk": 1, "fields": {"name": "Can add log entry", "content_type": 1, "codename": "add_logentry"}}, {"model": "auth.permission", "pk": 2, "fields": {"name": "Can change log entry", "content_type": 1, "codename": "change_logentry"}}, {"model": "auth.permission", "pk": 3, "fields": {"name": "Can delete log entry", "content_type": 1, "codename": "delete_logentry"}}, {"model": "auth.permission", "pk": 4, "fields": {"name": "Can view log entry", "content_type": 1, "codename": "view_logentry"}}, {"model": "auth.permission", "pk": 5, "fields": {"name": "Can add permission", "content_type": 2, "codename": "add_permission"}}, {"model": "auth.permission", "pk": 6, "fields": {"name": "Can change permission", "content_type": 2, "codename": "change_permission"}}, {"model": "auth.permission", "pk": 7, "fields": {"name": "Can delete permission", "content_type": 2, "codename": "delete_permission"}}, {"model": "auth.permission", "pk": 8, "fields": {"name": "Can view permission", "content_type": 2, "codename": "view_permission"}}, {"model": "auth.permission", "pk": 9, "fields": {"name": "Can add group", "content_type": 3, "codename": "add_group"}}, {"model": "auth.permission", "pk": 10, "fields": {"name": "Can change group", "content_type": 3, "codename": "change_group"}}, {"model": "auth.permission", "pk": 11, "fields": {"name": "Can delete group", "content_type": 3, "codename": "delete_group"}}, {"model": "auth.permission", "pk": 12, "fields": {"name": "Can view group", "content_type": 3, "codename": "view_group"}}, {"model": "auth.permission", "pk": 13, "fields": {"name": "Can add user", "content_type": 4, "codename": "add_user"}}, {"model": "auth.permission", "pk": 14, "fields": {"name": "Can change user", "content_type": 4, "codename": "change_user"}}, {"model": "auth.permission", "pk": 15, "fields": {"name": "Can delete user", "content_type": 4, "codename": "delete_user"}}, {"model": "auth.permission", "pk": 16, "fields": {"name": "Can view user", "content_type": 4, "codename": "view_user"}}, {"model": "auth.permission", "pk": 17, "fields": {"name": "Can add content type", "content_type": 5, "codename": "add_contenttype"}}, {"model": "auth.permission", "pk": 18, "fields": {"name": "Can change content type", "content_type": 5, "codename": "change_contenttype"}}, {"model": "auth.permission", "pk": 19, "fields": {"name": "Can delete content type", "content_type": 5, "codename": "delete_contenttype"}}, {"model": "auth.permission", "pk": 20, "fields": {"name": "Can view content type", "content_type": 5, "codename": "view_contenttype"}}, {"model": "auth.permission", "pk": 21, "fields": {"name": "Can add session", "content_type": 6, "codename": "add_session"}}, {"model": "auth.permission", "pk": 22, "fields": {"name": "Can change session", "content_type": 6, "codename": "change_session"}}, {"model": "auth.permission", "pk": 23, "fields": {"name": "Can delete session", "content_type": 6, "codename": "delete_session"}}, {"model": "auth.permission", "pk": 24, "fields": {"name": "Can view session", "content_type": 6, "codename": "view_session"}}, {"model": "auth.permission", "pk": 25, "fields": {"name": "Can add blog category", "content_type": 7, "codename": "add_blogcategory"}}, {"model": "auth.permission", "pk": 26, "fields": {"name": "Can change blog category", "content_type": 7, "codename": "change_blogcategory"}}, {"model": "auth.permission", "pk": 27, "fields": {"name": "Can delete blog category", "content_type": 7, "codename": "delete_blogcategory"}}, {"model": "auth.permission", "pk": 28, "fields": {"name": "Can view blog category", "content_type": 7, "codename": "view_blogcategory"}}, {"model": "auth.permission", "pk": 29, "fields": {"name": "Can add blog", "content_type": 8, "codename": "add_blog"}}, {"model": "auth.permission", "pk": 30, "fields": {"name": "Can change blog", "content_type": 8, "codename": "change_blog"}}, {"model": "auth.permission", "pk": 31, "fields": {"name": "Can delete blog", "content_type": 8, "codename": "delete_blog"}}, {"model": "auth.permission", "pk": 32, "fields": {"name": "Can view blog", "content_type": 8, "codename": "view_blog"}}, {"model": "auth.permission", "pk": 33, "fields": {"name": "Can add read num", "content_type": 9, "codename": "add_readnum"}}, {"model": "auth.permission", "pk": 34, "fields": {"name": "Can change read num", "content_type": 9, "codename": "change_readnum"}}, {"model": "auth.permission", "pk": 35, "fields": {"name": "Can delete read num", "content_type": 9, "codename": "delete_readnum"}}, {"model": "auth.permission", "pk": 36, "fields": {"name": "Can view read num", "content_type": 9, "codename": "view_readnum"}}, {"model": "auth.permission", "pk": 37, "fields": {"name": "Can add read num", "content_type": 10, "codename": "add_readnum"}}, {"model": "auth.permission", "pk": 38, "fields": {"name": "Can change read num", "content_type": 10, "codename": "change_readnum"}}, {"model": "auth.permission", "pk": 39, "fields": {"name": "Can delete read num", "content_type": 10, "codename": "delete_readnum"}}, {"model": "auth.permission", "pk": 40, "fields": {"name": "Can view read num", "content_type": 10, "codename": "view_readnum"}}, {"model": "auth.permission", "pk": 41, "fields": {"name": "Can add read detail", "content_type": 11, "codename": "add_readdetail"}}, {"model": "auth.permission", "pk": 42, "fields": {"name": "Can change read detail", "content_type": 11, "codename": "change_readdetail"}}, {"model": "auth.permission", "pk": 43, "fields": {"name": "Can delete read detail", "content_type": 11, "codename": "delete_readdetail"}}, {"model": "auth.permission", "pk": 44, "fields": {"name": "Can view read detail", "content_type": 11, "codename": "view_readdetail"}}, {"model": "auth.permission", "pk": 45, "fields": {"name": "Can add comment", "content_type": 12, "codename": "add_comment"}}, {"model": "auth.permission", "pk": 46, "fields": {"name": "Can change comment", "content_type": 12, "codename": "change_comment"}}, {"model": "auth.permission", "pk": 47, "fields": {"name": "Can delete comment", "content_type": 12, "codename": "delete_comment"}}, {"model": "auth.permission", "pk": 48, "fields": {"name": "Can view comment", "content_type": 12, "codename": "view_comment"}}, {"model": "auth.permission", "pk": 49, "fields": {"name": "Can add likes record", "content_type": 13, "codename": "add_likesrecord"}}, {"model": "auth.permission", "pk": 50, "fields": {"name": "Can change likes record", "content_type": 13, "codename": "change_likesrecord"}}, {"model": "auth.permission", "pk": 51, "fields": {"name": "Can delete likes record", "content_type": 13, "codename": "delete_likesrecord"}}, {"model": "auth.permission", "pk": 52, "fields": {"name": "Can view likes record", "content_type": 13, "codename": "view_likesrecord"}}, {"model": "auth.permission", "pk": 53, "fields": {"name": "Can add likes count", "content_type": 14, "codename": "add_likescount"}}, {"model": "auth.permission", "pk": 54, "fields": {"name": "Can change likes count", "content_type": 14, "codename": "change_likescount"}}, {"model": "auth.permission", "pk": 55, "fields": {"name": "Can delete likes count", "content_type": 14, "codename": "delete_likescount"}}, {"model": "auth.permission", "pk": 56, "fields": {"name": "Can view likes count", "content_type": 14, "codename": "view_likescount"}}, {"model": "auth.permission", "pk": 57, "fields": {"name": "Can add profile", "content_type": 15, "codename": "add_profile"}}, {"model": "auth.permission", "pk": 58, "fields": {"name": "Can change profile", "content_type": 15, "codename": "change_profile"}}, {"model": "auth.permission", "pk": 59, "fields": {"name": "Can delete profile", "content_type": 15, "codename": "delete_profile"}}, {"model": "auth.permission", "pk": 60, "fields": {"name": "Can view profile", "content_type": 15, "codename": "view_profile"}}, {"model": "auth.user", "pk": 1, "fields": {"password": "pbkdf2_sha256$216000$ZMNYYNg16sQe$/ZUJ29EGJoaFZ7clIu+i3LeZz0HhrYCmiwpMEylJG+U=", "last_login": "2021-03-20T15:24:46Z", "is_superuser": true, "username": "jiayue.liang", "first_name": "", "last_name": "", "email": "jiayue0110@yahoo.co.jp", "is_staff": true, "is_active": true, "date_joined": "2020-12-22T13:28:54Z", "groups": [], "user_permissions": []}}, {"model": "auth.user", "pk": 2, "fields": {"password": "pbkdf2_sha256$216000$PbpZuOp399dg$fUxBZkE7Dr/754hTEoJBdeMua+1fi61bDarjsxhkjpo=", "last_login": "2021-01-20T14:50:14Z", "is_superuser": false, "username": "jiayue", "first_name": "", "last_name": "", "email": "", "is_staff": false, "is_active": true, "date_joined": "2021-01-20T14:50:14Z", "groups": [], "user_permissions": []}}, {"model": "auth.user", "pk": 3, "fields": {"password": "pbkdf2_sha256$216000$sLKIy2jNBCUb$Hy0jXLEDYormFQaj/zhKsQEX35FC9SjiHRpw+qrJkJ0=", "last_login": "2021-03-03T15:34:15.216Z", "is_superuser": false, "username": "labi0110", "first_name": "", "last_name": "", "email": "jiayue0110@gmail.com", "is_staff": false, "is_active": true, "date_joined": "2021-02-27T13:39:41Z", "groups": [], "user_permissions": []}}, {"model": "contenttypes.contenttype", "pk": 1, "fields": {"app_label": "admin", "model": "logentry"}}, {"model": "contenttypes.contenttype", "pk": 2, "fields": {"app_label": "auth", "model": "permission"}}, {"model": "contenttypes.contenttype", "pk": 3, "fields": {"app_label": "auth", "model": "group"}}, {"model": "contenttypes.contenttype", "pk": 4, "fields": {"app_label": "auth", "model": "user"}}, {"model": "contenttypes.contenttype", "pk": 5, "fields": {"app_label": "contenttypes", "model": "contenttype"}}, {"model": "contenttypes.contenttype", "pk": 6, "fields": {"app_label": "sessions", "model": "session"}}, {"model": "contenttypes.contenttype", "pk": 7, "fields": {"app_label": "blog", "model": "blogcategory"}}, {"model": "contenttypes.contenttype", "pk": 8, "fields": {"app_label": "blog", "model": "blog"}}, {"model": "contenttypes.contenttype", "pk": 9, "fields": {"app_label": "blog", "model": "readnum"}}, {"model": "contenttypes.contenttype", "pk": 10, "fields": {"app_label": "read_statistics", "model": "readnum"}}, {"model": "contenttypes.contenttype", "pk": 11, "fields": {"app_label": "read_statistics", "model": "readdetail"}}, {"model": "contenttypes.contenttype", "pk": 12, "fields": {"app_label": "comment", "model": "comment"}}, {"model": "contenttypes.contenttype", "pk": 13, "fields": {"app_label": "likes", "model": "likesrecord"}}, {"model": "contenttypes.contenttype", "pk": 14, "fields": {"app_label": "likes", "model": "likescount"}}, {"model": "contenttypes.contenttype", "pk": 15, "fields": {"app_label": "user", "model": "profile"}}, {"model": "sessions.session", "pk": "0pp4r1qovm5j10p7f723ouvjet2d3axe", "fields": {"session_data": ".eJxVjEEOwiAQRe_C2hCGtgy4dO8ZyAxMpGogKe3KeHdt0oVu_3vvv1SkbS1x67LEOauzAnX63ZjSQ-oO8p3qrenU6rrMrHdFH7Tra8vyvBzu30GhXr41IQ0egkk5YHAQrDMixOgSOAeABB5YGJENkDgJI1ucAuZEkx_sqN4fzbU3Rw:1lC3I3:f4C7E2iRR2YHfCemXfkR_u2KA739UTyaqXrSxqNu5ZQ", "expire_date": "2021-03-02T16:33:31.348Z"}}, {"model": "sessions.session", "pk": "18g191ke6nn41zj3rtmnmpnj1i76cdlp", "fields": {"session_data": ".eJxVjEEOwiAQRe_C2hCGtgy4dO8ZyAxMpGogKe3KeHdt0oVu_3vvv1SkbS1x67LEOauzAnX63ZjSQ-oO8p3qrenU6rrMrHdFH7Tra8vyvBzu30GhXr41IQ0egkk5YHAQrDMixOgSOAeABB5YGJENkDgJI1ucAuZEkx_sqN4fzbU3Rw:1l4R0j:to1f6ZmOHc6_ybc3x44D6iruPxaV2cHxf6JGnbeZFy0", "expire_date": "2021-02-09T16:16:09.924Z"}}, {"model": "sessions.session", "pk": "28gonfljn80cjd0qoz247jqipd39ngxq", "fields": {"session_data": ".eJxVjEEOwiAQRe_C2hCGtgy4dO8ZyAxMpGogKe3KeHdt0oVu_3vvv1SkbS1x67LEOauzAnX63ZjSQ-oO8p3qrenU6rrMrHdFH7Tra8vyvBzu30GhXr41IQ0egkk5YHAQrDMixOgSOAeABB5YGJENkDgJI1ucAuZEkx_sqN4fzbU3Rw:1lAyaZ:IUKqqzzuP50EBfVUs7avnc5blbajtH44qFKXjNpc78I", "expire_date": "2021-02-27T17:20:11.574Z"}}, {"model": "sessions.session", "pk": "3uvfoutqr4bzzrmtxk4kw3qkf8pc2lb3", "fields": {"session_data": ".eJxVjEEOwiAQRe_C2hCGtgy4dO8ZyAxMpGogKe3KeHdt0oVu_3vvv1SkbS1x67LEOauzAnX63ZjSQ-oO8p3qrenU6rrMrHdFH7Tra8vyvBzu30GhXr41IQ0egkk5YHAQrDMixOgSOAeABB5YGJENkDgJI1ucAuZEkx_sqN4fzbU3Rw:1l43Gp:rzbJfzC5I1SoLJsXH34N7tY5DXL4incJxlP0YIj1-BI", "expire_date": "2021-02-08T14:55:11.011Z"}}, {"model": "sessions.session", "pk": "51n9o1oi5xcknrnevhbswjstkehtaprp", "fields": {"session_data": ".eJxVjbkOwjAQRP_FNbKyObwxJSUSJbW1a6-IIdhSDhrEv-NIKaCdN_PmrRyty-DWWSYXgzoqUIffjMk_JG0g3CndsvY5LVNkvVX0Tmd9yUHG0979Eww0D2VNSE0PtvLBojVga1OJEKPxYAwAEvTAwohcAYkR23KNncXgqeubui1Sjik4eVIcnS93RXqF80t9vp8gP3k:1lFIaF:wdkP3TV8g7ja0sStA1Q7-7DjKxkOHT-AhuWHg0mfQSY", "expire_date": "2021-03-11T15:29:43.825Z"}}, {"model": "sessions.session", "pk": "6ugst12g87u7rwhid8mbbvrb9z22hvrc", "fields": {"session_data": ".eJxVjEEOwiAQRe_C2hCGtgy4dO8ZyAxMpGogKe3KeHdt0oVu_3vvv1SkbS1x67LEOauzAnX63ZjSQ-oO8p3qrenU6rrMrHdFH7Tra8vyvBzu30GhXr41IQ0egkk5YHAQrDMixOgSOAeABB5YGJENkDgJI1ucAuZEkx_sqN4fzbU3Rw:1lC3PX:GOtmKr1e-CL6x0kuSqcez11idQQJBtRJOB4O6YTGQDc", "expire_date": "2021-03-02T16:41:15.638Z"}}, {"model": "sessions.session", "pk": "7qhlpi7g0qpq2zijpuv705xmpma2i8xt", "fields": {"session_data": ".eJxVjEEOwiAQRe_C2hCGtgy4dO8ZyAxMpGogKe3KeHdt0oVu_3vvv1SkbS1x67LEOauzAnX63ZjSQ-oO8p3qrenU6rrMrHdFH7Tra8vyvBzu30GhXr41IQ0egkk5YHAQrDMixOgSOAeABB5YGJENkDgJI1ucAuZEkx_sqN4fzbU3Rw:1krhvo:SsQPsaJUqbm74pw2Ft2GpWU9PuFYmkWLganGqXITBW4", "expire_date": "2021-01-05T13:42:28.639Z"}}, {"model": "sessions.session", "pk": "7u63v23bcfw5f9xi5rg6toidihd5o9wi", "fields": {"session_data": ".eJxVjEEOwiAQRe_C2hCGtgy4dO8ZyAxMpGogKe3KeHdt0oVu_3vvv1SkbS1x67LEOauzAnX63ZjSQ-oO8p3qrenU6rrMrHdFH7Tra8vyvBzu30GhXr41IQ0egkk5YHAQrDMixOgSOAeABB5YGJENkDgJI1ucAuZEkx_sqN4fzbU3Rw:1lC2jW:2HJjKCI8920dMFCAW2IRnZeLHFFpsVxwxYWGeYUopHQ", "expire_date": "2021-03-02T15:57:50.645Z"}}, {"model": "sessions.session", "pk": "9jzj2pru7vbe44ojssv27jrue64ctsb3", "fields": {"session_data": ".eJxVjEEOwiAQRe_C2hCGtgy4dO8ZyAxMpGogKe3KeHdt0oVu_3vvv1SkbS1x67LEOauzAnX63ZjSQ-oO8p3qrenU6rrMrHdFH7Tra8vyvBzu30GhXr41IQ0egkk5YHAQrDMixOgSOAeABB5YGJENkDgJI1ucAuZEkx_sqN4fzbU3Rw:1l2yoe:KUWZ60iEINYzr-tM1xfCsWWP8hAw6Fvmqk-fXPNEO4E", "expire_date": "2021-02-05T15:57:40.199Z"}}, {"model": "sessions.session", "pk": "9s9lcec6xn1pmrtr83xczo07gr38lyxo", "fields": {"session_data": ".eJxVjEEOwiAQRe_C2hCGtgy4dO8ZyAxMpGogKe3KeHdt0oVu_3vvv1SkbS1x67LEOauzAnX63ZjSQ-oO8p3qrenU6rrMrHdFH7Tra8vyvBzu30GhXr41IQ0egkk5YHAQrDMixOgSOAeABB5YGJENkDgJI1ucAuZEkx_sqN4fzbU3Rw:1lDq5R:GE469_cwGjeVkzXl6xJ9Z-URj2rRrUoFBDZYq8CtrNs", "expire_date": "2021-03-07T14:51:53.138Z"}}, {"model": "sessions.session", "pk": "9xt0q75zkuxsfdqlgy3hs76z4qkn5t9u", "fields": {"session_data": ".eJxVjEEOwiAQRe_C2hCGtgy4dO8ZyAxMpGogKe3KeHdt0oVu_3vvv1SkbS1x67LEOauzAnX63ZjSQ-oO8p3qrenU6rrMrHdFH7Tra8vyvBzu30GhXr41IQ0egkk5YHAQrDMixOgSOAeABB5YGJENkDgJI1ucAuZEkx_sqN4fzbU3Rw:1lC2DA:2_CIob2J45b0odJq7a4RJDjbwhbMbXJKUopdHfVka5E", "expire_date": "2021-03-02T15:24:24.054Z"}}, {"model": "sessions.session", "pk": "anbswjodbw0tlqitiot4ad8hy54bv7zu", "fields": {"session_data": ".eJxVjcsKwjAQRf8lawmdPjKNS1eCCP5BmEkGG60J9LES_90UutDtPfee-1aO1mVw6yyTi0EdFajDb8bkn5I2EB6U7ln7nJYpst4qeqezvuYg42nv_gkGmoeyJqSmB1v5YNEasLWpRIjReDAGAAl6YGFEroDEiG25xs5i8NT1Td0WKccUnLwojs6XuyK9nS9Zfb6fZD-F:1lFhAP:jOOrTUb-O2h153HOmaBokks5OIr7XT_FcWhMoVWkees", "expire_date": "2021-03-12T17:44:41.948Z"}}, {"model": "sessions.session", "pk": "b5a7qda7ybmvdcyaudp1fw6vifblfj6i", "fields": {"session_data": ".eJxVjEEOwiAQRe_C2hCGtgy4dO8ZyAxMpGogKe3KeHdt0oVu_3vvv1SkbS1x67LEOauzAnX63ZjSQ-oO8p3qrenU6rrMrHdFH7Tra8vyvBzu30GhXr41IQ0egkk5YHAQrDMixOgSOAeABB5YGJENkDgJI1ucAuZEkx_sqN4fzbU3Rw:1l3gNq:arXvFux8Wh57848pjZNB3g3gkndOPdcNQtg-Pe3s2rk", "expire_date": "2021-02-07T14:28:54.983Z"}}, {"model": "sessions.session", "pk": "bu1q0i9jswwwmxs1f3dbrqa4oszwlwl1", "fields": {"session_data": ".eJxVjEEOwiAQRe_C2hCGtgy4dO8ZyAxMpGogKe3KeHdt0oVu_3vvv1SkbS1x67LEOauzAnX63ZjSQ-oO8p3qrenU6rrMrHdFH7Tra8vyvBzu30GhXr41IQ0egkk5YHAQrDMixOgSOAeABB5YGJENkDgJI1ucAuZEkx_sqN4fzbU3Rw:1lAydz:aAMQCMiw7pFLUYybwM16STaTxWEJTQzy_ASIGL-39fQ", "expire_date": "2021-02-27T17:23:43.339Z"}}, {"model": "sessions.session", "pk": "c72pb283q2wyp7oha3gnao38h02kr128", "fields": {"session_data": ".eJxVjEEOwiAQRe_C2hCGtgy4dO8ZyAxMpGogKe3KeHdt0oVu_3vvv1SkbS1x67LEOauzAnX63ZjSQ-oO8p3qrenU6rrMrHdFH7Tra8vyvBzu30GhXr41IQ0egkk5YHAQrDMixOgSOAeABB5YGJENkDgJI1ucAuZEkx_sqN4fzbU3Rw:1lC2EZ:djAjRfWYUCM97eTck_aqXwbtpgTynzhveNgucTeQFZk", "expire_date": "2021-03-02T15:25:51.272Z"}}, {"model": "sessions.session", "pk": "cgoa4u0jsv2g3iaztuo99w2vd4bp1cjo", "fields": {"session_data": ".eJxVjEEOwiAQRe_C2hCGtgy4dO8ZyAxMpGogKe3KeHdt0oVu_3vvv1SkbS1x67LEOauzAnX63ZjSQ-oO8p3qrenU6rrMrHdFH7Tra8vyvBzu30GhXr41IQ0egkk5YHAQrDMixOgSOAeABB5YGJENkDgJI1ucAuZEkx_sqN4fzbU3Rw:1l58pP:1Q4jO2xLJI3Fg91uijAsmLBhvYef-xLTH9xAk_yHZ_Q", "expire_date": "2021-02-11T15:03:23.067Z"}}, {"model": "sessions.session", "pk": "co9vbsu4vahqllahw42geishgir49cap", "fields": {"session_data": ".eJxVjEEOwiAQRe_C2hCGtgy4dO8ZyAxMpGogKe3KeHdt0oVu_3vvv1SkbS1x67LEOauzAnX63ZjSQ-oO8p3qrenU6rrMrHdFH7Tra8vyvBzu30GhXr41IQ0egkk5YHAQrDMixOgSOAeABB5YGJENkDgJI1ucAuZEkx_sqN4fzbU3Rw:1lC2XZ:Ia8puPkm80wobxmEnOweNs54MU3nNHfek9jm173R94Y", "expire_date": "2021-03-02T15:45:29.258Z"}}, {"model": "sessions.session", "pk": "d9ya00r1rs1bk0yogkw4k1ebxqbyopjv", "fields": {"session_data": ".eJxVjEEOwiAQRe_C2hCGtgy4dO8ZyAxMpGogKe3KeHdt0oVu_3vvv1SkbS1x67LEOauzAnX63ZjSQ-oO8p3qrenU6rrMrHdFH7Tra8vyvBzu30GhXr41IQ0egkk5YHAQrDMixOgSOAeABB5YGJENkDgJI1ucAuZEkx_sqN4fzbU3Rw:1l43NN:guI4cCKEA652KtQrZkUsrrSi9cfTsfU-KT1vkdrFwuU", "expire_date": "2021-02-08T15:01:57.309Z"}}, {"model": "sessions.session", "pk": "e3mwb7aif8vn8vdiuojedpskg0arohk5", "fields": {"session_data": ".eJxVjEEOwiAQRe_C2hCGtgy4dO8ZyAxMpGogKe3KeHdt0oVu_3vvv1SkbS1x67LEOauzAnX63ZjSQ-oO8p3qrenU6rrMrHdFH7Tra8vyvBzu30GhXr41IQ0egkk5YHAQrDMixOgSOAeABB5YGJENkDgJI1ucAuZEkx_sqN4fzbU3Rw:1l3gjk:mof7NgIEYgfWd02-Lxb5iptLZEvlluidB_QNMBZUgBY", "expire_date": "2021-02-07T14:51:32.593Z"}}, {"model": "sessions.session", "pk": "e5f3koqgw097hcytvwuj2wicvfs5k92b", "fields": {"session_data": ".eJxVjEEOwiAQRe_C2hCGtgy4dO8ZyAxMpGogKe3KeHdt0oVu_3vvv1SkbS1x67LEOauzAnX63ZjSQ-oO8p3qrenU6rrMrHdFH7Tra8vyvBzu30GhXr41IQ0egkk5YHAQrDMixOgSOAeABB5YGJENkDgJI1ucAuZEkx_sqN4fzbU3Rw:1l0PDY:rwtu9NEhm2FlYEAsX_gCFthq1WJ1hlQ-NEstAX29Nt8", "expire_date": "2021-01-29T13:32:44.053Z"}}, {"model": "sessions.session", "pk": "ee2tgckxk4ea0ychp895x31sl4s4f8fl", "fields": {"session_data": "e30:1lC3Oq:DyMb_xqRXEV2Vc2fxz-mt6Ppr6annofZHaPgRwX0jx4", "expire_date": "2021-03-02T16:40:32.908Z"}}, {"model": "sessions.session", "pk": "eo9mcd48en05ddn5i1rvrk3snjvl3yej", "fields": {"session_data": ".eJxVjEEOwiAQRe_C2hCGtgy4dO8ZyAxMpGogKe3KeHdt0oVu_3vvv1SkbS1x67LEOauzAnX63ZjSQ-oO8p3qrenU6rrMrHdFH7Tra8vyvBzu30GhXr41IQ0egkk5YHAQrDMixOgSOAeABB5YGJENkDgJI1ucAuZEkx_sqN4fzbU3Rw:1l0oWK:GBOaP4WQfaKV-aUmNAB1_XZRVvVl8sBilssM3Ep0w_A", "expire_date": "2021-01-30T16:33:48.028Z"}}, {"model": "sessions.session", "pk": "g3qaqsujfcoqrkb2zjlzmlgbf38xt1ar", "fields": {"session_data": ".eJxVjEEOwiAQRe_C2hCGtgy4dO8ZyAxMpGogKe3KeHdt0oVu_3vvv1SkbS1x67LEOauzAnX63ZjSQ-oO8p3qrenU6rrMrHdFH7Tra8vyvBzu30GhXr41IQ0egkk5YHAQrDMixOgSOAeABB5YGJENkDgJI1ucAuZEkx_sqN4fzbU3Rw:1l3dbW:4BIhFmVnYa-X1hFvSREBgy4JxZXhKWxG5gtris9dmiY", "expire_date": "2021-02-07T11:30:50.642Z"}}, {"model": "sessions.session", "pk": "hm2924gwpg6y514px7iuhjfdltojve6n", "fields": {"session_data": ".eJxVjEEOwiAQRe_C2hCGtgy4dO8ZyAxMpGogKe3KeHdt0oVu_3vvv1SkbS1x67LEOauzAnX63ZjSQ-oO8p3qrenU6rrMrHdFH7Tra8vyvBzu30GhXr41IQ0egkk5YHAQrDMixOgSOAeABB5YGJENkDgJI1ucAuZEkx_sqN4fzbU3Rw:1ks64d:yatEI9INjLp15VewPxGqTx5BND8N7Xx3kJUilXj_FVI", "expire_date": "2021-01-06T15:29:11.809Z"}}, {"model": "sessions.session", "pk": "hnw0xn6jmfppcu4vp5ear0ctxpt93kw0", "fields": {"session_data": ".eJxVjEEOwiAQRe_C2hCGtgy4dO8ZyAxMpGogKe3KeHdt0oVu_3vvv1SkbS1x67LEOauzAnX63ZjSQ-oO8p3qrenU6rrMrHdFH7Tra8vyvBzu30GhXr41IQ0egkk5YHAQrDMixOgSOAeABB5YGJENkDgJI1ucAuZEkx_sqN4fzbU3Rw:1lAyZA:paWNA8MljH0s83C6AEgDrCOghK_JCc3EzMGtVYrjYq8", "expire_date": "2021-02-27T17:18:44.346Z"}}, {"model": "sessions.session", "pk": "ixvka4nl46suqumsmo531p92le6w2ljk", "fields": {"session_data": ".eJxVjEEOwiAQRe_C2hCGtgy4dO8ZyAxMpGogKe3KeHdt0oVu_3vvv1SkbS1x67LEOauzAnX63ZjSQ-oO8p3qrenU6rrMrHdFH7Tra8vyvBzu30GhXr41IQ0egkk5YHAQrDMixOgSOAeABB5YGJENkDgJI1ucAuZEkx_sqN4fzbU3Rw:1l7hZz:ff8TPgbBJbXfoY8oAOFynjtJSoHee4oXl2lKkmtPG7w", "expire_date": "2021-02-18T16:34:03.173Z"}}, {"model": "sessions.session", "pk": "j4shd0pxh97pk6d4qqb3e764oz5aft4e", "fields": {"session_data": ".eJxVjEEOwiAQRe_C2hCGtgy4dO8ZyAxMpGogKe3KeHdt0oVu_3vvv1SkbS1x67LEOauzAnX63ZjSQ-oO8p3qrenU6rrMrHdFH7Tra8vyvBzu30GhXr41IQ0egkk5YHAQrDMixOgSOAeABB5YGJENkDgJI1ucAuZEkx_sqN4fzbU3Rw:1l3hNa:kNWX7X4NOvFSbrHkhumeVfsdjDb0jYNFsDf3JpUxDLk", "expire_date": "2021-02-07T15:32:42.656Z"}}, {"model": "sessions.session", "pk": "l89aq7dde3n8dy48b4x96io4xfv1vnr0", "fields": {"session_data": ".eJxVjEEOwiAQRe_C2hCGtgy4dO8ZyAxMpGogKe3KeHdt0oVu_3vvv1SkbS1x67LEOauzAnX63ZjSQ-oO8p3qrenU6rrMrHdFH7Tra8vyvBzu30GhXr41IQ0egkk5YHAQrDMixOgSOAeABB5YGJENkDgJI1ucAuZEkx_sqN4fzbU3Rw:1lADkA:e3hvmelTb8EpAebvJ6pO7tQn1cojHEowGLz2BmOhTuQ", "expire_date": "2021-02-25T15:18:58.766Z"}}, {"model": "sessions.session", "pk": "li6icdguz7w89nuucgp7lr6d1zt7b3sn", "fields": {"session_data": ".eJxVjEEOwiAQRe_C2hCGtgy4dO8ZyAxMpGogKe3KeHdt0oVu_3vvv1SkbS1x67LEOauzAnX63ZjSQ-oO8p3qrenU6rrMrHdFH7Tra8vyvBzu30GhXr41IQ0egkk5YHAQrDMixOgSOAeABB5YGJENkDgJI1ucAuZEkx_sqN4fzbU3Rw:1l4mor:NL7aaiFu1JBwPfcDYaEiu1KmRNs3J19uN1wtm-qQQx0", "expire_date": "2021-02-10T15:33:21.263Z"}}, {"model": "sessions.session", "pk": "n4yzzd02vwseh4et8ib20hqkxr76hux3", "fields": {"session_data": "e30:1l0oVx:vLUoIXWk6N6aiG1heWL_OXsa7min-HJFYXl00TCUlyA", "expire_date": "2021-01-30T16:33:25.451Z"}}, {"model": "sessions.session", "pk": "nqlkgnlb5jlffz0t9w3cke6o3amg2l0d", "fields": {"session_data": ".eJxVjEEOwiAQRe_C2hCGtgy4dO8ZyAxMpGogKe3KeHdt0oVu_3vvv1SkbS1x67LEOauzAnX63ZjSQ-oO8p3qrenU6rrMrHdFH7Tra8vyvBzu30GhXr41IQ0egkk5YHAQrDMixOgSOAeABB5YGJENkDgJI1ucAuZEkx_sqN4fzbU3Rw:1lBJYQ:yK5kQF58_ZdzVpBJsqeIswg5-JkIWgSUNlEuvSn4Hm0", "expire_date": "2021-02-28T15:43:22.645Z"}}, {"model": "sessions.session", "pk": "ompory1buhptwa5xz83f1zimhv6n9y2g", "fields": {"session_data": ".eJxVjEEOwiAQRe_C2hCGtgy4dO8ZyAxMpGogKe3KeHdt0oVu_3vvv1SkbS1x67LEOauzAnX63ZjSQ-oO8p3qrenU6rrMrHdFH7Tra8vyvBzu30GhXr41IQ0egkk5YHAQrDMixOgSOAeABB5YGJENkDgJI1ucAuZEkx_sqN4fzbU3Rw:1lAylW:Ac90Qv9JmQ7_p-NKYZqyVbBI4P7grwkrocURIIT2iIg", "expire_date": "2021-02-27T17:31:30.115Z"}}, {"model": "sessions.session", "pk": "pcfz00f560ty1sksfyi81aknq3zn35sv", "fields": {"session_data": ".eJxVjEEOwiAQRe_C2hCGtgy4dO8ZyAxMpGogKe3KeHdt0oVu_3vvv1SkbS1x67LEOauzAnX63ZjSQ-oO8p3qrenU6rrMrHdFH7Tra8vyvBzu30GhXr41IQ0egkk5YHAQrDMixOgSOAeABB5YGJENkDgJI1ucAuZEkx_sqN4fzbU3Rw:1l43ol:iJRnA4UjtkOvP9PcqfhYfzLvb7ZFlS71TbrqPxoQnl8", "expire_date": "2021-02-08T15:30:15.265Z"}}, {"model": "sessions.session", "pk": "permzmq7ggy3py3oys43wpc00juea3ym", "fields": {"session_data": ".eJxVjEEOwiAQRe_C2hCGtgy4dO8ZyAxMpGogKe3KeHdt0oVu_3vvv1SkbS1x67LEOauzAnX63ZjSQ-oO8p3qrenU6rrMrHdFH7Tra8vyvBzu30GhXr41IQ0egkk5YHAQrDMixOgSOAeABB5YGJENkDgJI1ucAuZEkx_sqN4fzbU3Rw:1lAD3K:uYLd-0GgF1osDIl2yPIjHIgpAsuPIv3esbThfkax4Fg", "expire_date": "2021-02-25T14:34:42.423Z"}}, {"model": "sessions.session", "pk": "po0josulou19owf8gr5sguwkrnf19los", "fields": {"session_data": ".eJxVjEEOwiAQRe_C2hCGtgy4dO8ZyAxMpGogKe3KeHdt0oVu_3vvv1SkbS1x67LEOauzAnX63ZjSQ-oO8p3qrenU6rrMrHdFH7Tra8vyvBzu30GhXr41IQ0egkk5YHAQrDMixOgSOAeABB5YGJENkDgJI1ucAuZEkx_sqN4fzbU3Rw:1l3hCh:0ASZ2jebW71w1VFuMhg07OCDKegp4ZBAwawIjQPfKzU", "expire_date": "2021-02-07T15:21:27.141Z"}}, {"model": "sessions.session", "pk": "qtuz51j2mh8e3bqfknwqk3zldxegj9ry", "fields": {"session_data": ".eJxVjEEOwiAQRe_C2hCGtgy4dO8ZyAxMpGogKe3KeHdt0oVu_3vvv1SkbS1x67LEOauzAnX63ZjSQ-oO8p3qrenU6rrMrHdFH7Tra8vyvBzu30GhXr41IQ0egkk5YHAQrDMixOgSOAeABB5YGJENkDgJI1ucAuZEkx_sqN4fzbU3Rw:1lC3DL:SVXOYOdXnBL_NWz18j9rElaONFmD2Wa91aTK-L9U60g", "expire_date": "2021-03-02T16:28:39.968Z"}}, {"model": "sessions.session", "pk": "qw5staoe5olxuhx61993f57zytmf5qrb", "fields": {"session_data": ".eJxVjDsOwyAQBe9CHSEWL9i4TJ8zIHaB2PkYydhVlLuHSG7cvpl5H1HTEj2XmPw2v5MYwQL2gwGHF-HDvk1-r2n1cxSj6MRpo8DPVjcQH2G5F8ll2daZ5F-RB63y1s5f18M9HUyhTq12BCqxy456HoAG3edkSAMRQbAEFhmNdoAKFGZk4xJ22WpWxnZAVnx_Fsc_zQ:1lHTVv:DtxyGfASqNeXb1BCNJV0VizeJsu3SSe1czFSh3Jhi_0", "expire_date": "2021-03-17T15:34:15.219Z"}}, {"model": "sessions.session", "pk": "qwj24fnlgbhuxis23if584xx1c1xa3xa", "fields": {"session_data": ".eJxVjEEOwiAQRe_C2hCGtgy4dO8ZyAxMpGogKe3KeHdt0oVu_3vvv1SkbS1x67LEOauzAnX63ZjSQ-oO8p3qrenU6rrMrHdFH7Tra8vyvBzu30GhXr41IQ0egkk5YHAQrDMixOgSOAeABB5YGJENkDgJI1ucAuZEkx_sqN4fzbU3Rw:1lAE82:vHQPJIbfGP9aBrP8oaqqYmuUSpD2a-wl8ah4KvutoiI", "expire_date": "2021-02-25T15:43:38.468Z"}}, {"model": "sessions.session", "pk": "rc2zgvh712iz6vcxnv6nv6ai71ctwjgn", "fields": {"session_data": ".eJxVjEEOwiAQRe_C2hCGtgy4dO8ZyAxMpGogKe3KeHdt0oVu_3vvv1SkbS1x67LEOauzAnX63ZjSQ-oO8p3qrenU6rrMrHdFH7Tra8vyvBzu30GhXr41IQ0egkk5YHAQrDMixOgSOAeABB5YGJENkDgJI1ucAuZEkx_sqN4fzbU3Rw:1l3NkL:tS8tJfOG_B-u95qRUG92j5V0mI13YP-H9czHAfk6WgE", "expire_date": "2021-02-06T18:34:53.791Z"}}, {"model": "sessions.session", "pk": "s89xja7i80rhrc4nkvn6o4wzzggzx96i", "fields": {"session_data": ".eJxVjEEOwiAQRe_C2hCGtgy4dO8ZyAxMpGogKe3KeHdt0oVu_3vvv1SkbS1x67LEOauzAnX63ZjSQ-oO8p3qrenU6rrMrHdFH7Tra8vyvBzu30GhXr41IQ0egkk5YHAQrDMixOgSOAeABB5YGJENkDgJI1ucAuZEkx_sqN4fzbU3Rw:1l3dqC:-0ZgMfON-hFD6gm6FHY3Z3swgdzJbqrb2WdOcK-WOPY", "expire_date": "2021-02-07T11:46:00.091Z"}}, {"model": "sessions.session", "pk": "tunqn8vi6jmj3xd91fjg8po7tafmzz7l", "fields": {"session_data": ".eJxVjEEOwiAQRe_C2hCGtgy4dO8ZyAxMpGogKe3KeHdt0oVu_3vvv1SkbS1x67LEOauzAnX63ZjSQ-oO8p3qrenU6rrMrHdFH7Tra8vyvBzu30GhXr41IQ0egkk5YHAQrDMixOgSOAeABB5YGJENkDgJI1ucAuZEkx_sqN4fzbU3Rw:1l3h7c:4pFR-upY6OiAJk9u_Dqrc2NzUuD2WWC5puYhz979VcI", "expire_date": "2021-02-07T15:16:12.244Z"}}, {"model": "sessions.session", "pk": "ur6vh730e6qxi4tpt4vs907vsdyk4rg7", "fields": {"session_data": ".eJxVjEsSgjAQBe-SNUUxEDKJS_ecITVJRj4qsQjowvLuxpIN2-7X7y0ucel5tQ9K6RWXYH0MLE5i0s9OFCLx_Ed2He-ZgwKJWirUhbC0rYPdEi92DDkBcWCO_DXXWYSJ5j6WPs7rMrryNyl3m8oun9_O-_ZwMFAack1IjQZT-WDQKDC1qpjJofKgFAASaHDsEF0FxIqNdDW2BoOnVje1FJ8v_YxKXQ:1lHTGD:0WJsoPfJrBbrVLlr_VleiOCcCmhLnAO7YUQMQR6YA2k", "expire_date": "2021-03-17T15:18:01.557Z"}}, {"model": "sessions.session", "pk": "uu92rbxhprp4c8bwmwq2dfa0rs48xhwb", "fields": {"session_data": ".eJxVjEEOwiAQRe_C2hCGtgy4dO8ZyAxMpGogKe3KeHdt0oVu_3vvv1SkbS1x67LEOauzAnX63ZjSQ-oO8p3qrenU6rrMrHdFH7Tra8vyvBzu30GhXr41IQ0egkk5YHAQrDMixOgSOAeABB5YGJENkDgJI1ucAuZEkx_sqN4fzbU3Rw:1l3euD:JWwZBXR-voXCDcfjnzusQgFc4LTWQnnwQn9Xsvb_ed4", "expire_date": "2021-02-07T12:54:13.921Z"}}, {"model": "sessions.session", "pk": "vwwfjg8t5s1s8bzigmqb5ima4ds17njs", "fields": {"session_data": ".eJxVjEEOwiAQRe_C2hCGtgy4dO8ZyAxMpGogKe3KeHdt0oVu_3vvv1SkbS1x67LEOauzAnX63ZjSQ-oO8p3qrenU6rrMrHdFH7Tra8vyvBzu30GhXr41IQ0egkk5YHAQrDMixOgSOAeABB5YGJENkDgJI1ucAuZEkx_sqN4fzbU3Rw:1lNdU3:AIv1RiMpSX4eEiROI-zsL6CAdNGoNltzOWEr4jsLI-M", "expire_date": "2021-04-03T15:25:47.086Z"}}, {"model": "sessions.session", "pk": "yaqrz6vdfe3cdcntglxafisiuer820nd", "fields": {"session_data": ".eJxVjEEOwiAQRe_C2hCGtgy4dO8ZyAxMpGogKe3KeHdt0oVu_3vvv1SkbS1x67LEOauzAnX63ZjSQ-oO8p3qrenU6rrMrHdFH7Tra8vyvBzu30GhXr41IQ0egkk5YHAQrDMixOgSOAeABB5YGJENkDgJI1ucAuZEkx_sqN4fzbU3Rw:1l6xfB:oXgV2DMh59t7D6nsXu4jeVsGn6BlPmbwKbbQs1cpk2M", "expire_date": "2021-02-16T15:32:21.467Z"}}, {"model": "sessions.session", "pk": "yjesrxtoipe9wva765ajngvllsbwki8k", "fields": {"session_data": ".eJxVjEEOwiAQRe_C2hCGtgy4dO8ZyAxMpGogKe3KeHdt0oVu_3vvv1SkbS1x67LEOauzAnX63ZjSQ-oO8p3qrenU6rrMrHdFH7Tra8vyvBzu30GhXr41IQ0egkk5YHAQrDMixOgSOAeABB5YGJENkDgJI1ucAuZEkx_sqN4fzbU3Rw:1lAynb:Xz1UCEKvF34e1Nd1iUexcX-4nyFqjmiZJiB_KoACmz8", "expire_date": "2021-02-27T17:33:39.007Z"}}, {"model": "sessions.session", "pk": "yog2p4gocvlo3c9lj7af8ujzqen5mj4m", "fields": {"session_data": ".eJxVjEEOwiAQRe_C2hCGtgy4dO8ZyAxMpGogKe3KeHdt0oVu_3vvv1SkbS1x67LEOauzAnX63ZjSQ-oO8p3qrenU6rrMrHdFH7Tra8vyvBzu30GhXr41IQ0egkk5YHAQrDMixOgSOAeABB5YGJENkDgJI1ucAuZEkx_sqN4fzbU3Rw:1l6xlC:SSEk7Baqckzav2a5ow4jBCJn-87LFPfSOItlu49DHEU", "expire_date": "2021-02-16T15:38:34.408Z"}}, {"model": "sessions.session", "pk": "ytoux3rz7qkrdlmkwx4arunvpdawbubw", "fields": {"session_data": ".eJxVjEEOwiAQRe_C2hCGtgy4dO8ZyAxMpGogKe3KeHdt0oVu_3vvv1SkbS1x67LEOauzAnX63ZjSQ-oO8p3qrenU6rrMrHdFH7Tra8vyvBzu30GhXr41IQ0egkk5YHAQrDMixOgSOAeABB5YGJENkDgJI1ucAuZEkx_sqN4fzbU3Rw:1l3f6e:nRHDj6h58GzMVMPxbTXSiRGXM5xXvi-6NsB9Apak79E", "expire_date": "2021-02-07T13:07:04.370Z"}}, {"model": "sessions.session", "pk": "yx4x1u87t78b4ew5d0zjzby10e1miyys", "fields": {"session_data": ".eJxVjEEOwiAQRe_C2hCGtgy4dO8ZyAxMpGogKe3KeHdt0oVu_3vvv1SkbS1x67LEOauzAnX63ZjSQ-oO8p3qrenU6rrMrHdFH7Tra8vyvBzu30GhXr41IQ0egkk5YHAQrDMixOgSOAeABB5YGJENkDgJI1ucAuZEkx_sqN4fzbU3Rw:1kycFO:ez-1ZNksM7tNoFxgGqp65ND1MC6Ool8DILFyzi01EBI", "expire_date": "2021-01-24T15:03:14.889Z"}}, {"model": "blog.blogcategory", "pk": 1, "fields": {"category_name": "新闻"}}, {"model": "blog.blogcategory", "pk": 2, "fields": {"category_name": "科普"}}, {"model": "blog.blogcategory", "pk": 3, "fields": {"category_name": "其他"}}, {"model": "blog.blog", "pk": 2, "fields": {"title": "One", "blog_category": 1, "content": "<p><strong>XXX</strong></p>", "author": 1, "created_time": "2020-12-22T14:05:44.985Z", "last_updated_time": "2021-01-11T13:41:51.184Z"}}, {"model": "blog.blog", "pk": 3, "fields": {"title": "22", "blog_category": 1, "content": "11", "author": 1, "created_time": "2020-12-23T15:31:31.613Z", "last_updated_time": "2020-12-23T15:31:31.613Z"}}, {"model": "blog.blog", "pk": 4, "fields": {"title": "长博客", "blog_category": 1, "content": "name = models.CharField(max_length=50)\r\n执行：python manage.py makemirations出现以下错误：\r\n\r\n\r\nYou are trying to add a non-nullable field 'name' to contact without a default; we can't do that (the database needs something to populate existing rows).\r\nPlease select a fix:\r\n 1) Provide a one-off default now (will be set on all existing rows with a null value for this column)\r\n 2) Quit, and let me add a default in models.py\r\nSelect an option: \r\n\r\n\r\n解决方法：\r\n先给'name'任意初始值：name = models.CharField(max_length=50, default='abc')\r\n然后执行：python manage.py makemirations\r\n再执行：python manage.py migrate\r\n\r\n\r\n再将default删去，即执行：name = models.CharField(max_length=50)\r\n执行：python manage.py makemirations\r\n再执行：python manage.py migrate\r\n\r\n\r\n解决！\r\n\r\n\r\n\r\n注意：在开发过程中，数据库同步误操作之后，难免会遇到后面不能同步成功的情况，解决这个问题的一个简单粗暴方法是把migrations目录下的脚本（除__init__.py之外）全部删掉，再把数据库删掉之后创建一个新的数据库，数据库同步操作再重新做一遍。", "author": 1, "created_time": "2020-12-24T14:19:06.018Z", "last_updated_time": "2020-12-24T14:19:06.018Z"}}, {"model": "blog.blog", "pk": 5, "fields": {"title": "测试科普", "blog_category": 1, "content": "XXXXXXXXXXX", "author": 1, "created_time": "2020-12-25T16:34:25.764Z", "last_updated_time": "2020-12-25T16:34:25.764Z"}}, {"model": "blog.blog", "pk": 6, "fields": {"title": "测试科普2", "blog_category": 2, "content": "aaaa", "author": 1, "created_time": "2020-12-25T16:35:08.902Z", "last_updated_time": "2020-12-25T16:35:08.903Z"}}, {"model": "blog.blog", "pk": 7, "fields": {"title": "shell模式下创建的标题", "blog_category": 1, "content": "xxxxxxxxxxxxxxxxxxx", "author": 1, "created_time": "2021-01-04T15:04:17.287Z", "last_updated_time": "2021-01-04T15:04:17.287Z"}}, {"model": "blog.blog", "pk": 8, "fields": {"title": "shell下的第1篇文章", "blog_category": 1, "content": "xxx* 1", "author": 1, "created_time": "2021-01-04T15:37:54.096Z", "last_updated_time": "2021-01-04T15:37:54.096Z"}}, {"model": "blog.blog", "pk": 9, "fields": {"title": "shell下的第2篇文章", "blog_category": 1, "content": "xxx* 2", "author": 1, "created_time": "2021-01-04T15:37:54.103Z", "last_updated_time": "2021-01-04T15:37:54.103Z"}}, {"model": "blog.blog", "pk": 10, "fields": {"title": "shell下的第3篇文章", "blog_category": 1, "content": "xxx* 3", "author": 1, "created_time": "2021-01-04T15:37:54.106Z", "last_updated_time": "2021-01-04T15:37:54.106Z"}}, {"model": "blog.blog", "pk": 11, "fields": {"title": "shell下的第4篇文章", "blog_category": 1, "content": "xxx* 4", "author": 1, "created_time": "2021-01-04T15:37:54.108Z", "last_updated_time": "2021-01-04T15:37:54.108Z"}}, {"model": "blog.blog", "pk": 12, "fields": {"title": "shell下的第5篇文章", "blog_category": 1, "content": "xxx* 5", "author": 1, "created_time": "2021-01-04T15:37:54.111Z", "last_updated_time": "2021-01-04T15:37:54.111Z"}}, {"model": "blog.blog", "pk": 13, "fields": {"title": "shell下的第6篇文章", "blog_category": 1, "content": "xxx* 6", "author": 1, "created_time": "2021-01-04T15:37:54.120Z", "last_updated_time": "2021-01-04T15:37:54.120Z"}}, {"model": "blog.blog", "pk": 14, "fields": {"title": "shell下的第7篇文章", "blog_category": 1, "content": "xxx* 7", "author": 1, "created_time": "2021-01-04T15:37:54.123Z", "last_updated_time": "2021-01-04T15:37:54.123Z"}}, {"model": "blog.blog", "pk": 15, "fields": {"title": "shell下的第8篇文章", "blog_category": 1, "content": "xxx* 8", "author": 1, "created_time": "2021-01-04T15:37:54.126Z", "last_updated_time": "2021-01-04T15:37:54.126Z"}}, {"model": "blog.blog", "pk": 16, "fields": {"title": "shell下的第9篇文章", "blog_category": 1, "content": "xxx* 9", "author": 1, "created_time": "2021-01-04T15:37:54.129Z", "last_updated_time": "2021-01-04T15:37:54.129Z"}}, {"model": "blog.blog", "pk": 17, "fields": {"title": "shell下的第10篇文章", "blog_category": 1, "content": "xxx* 10", "author": 1, "created_time": "2021-01-04T15:37:54.131Z", "last_updated_time": "2021-01-04T15:37:54.131Z"}}, {"model": "blog.blog", "pk": 18, "fields": {"title": "shell下的第11篇文章", "blog_category": 1, "content": "xxx* 11", "author": 1, "created_time": "2021-01-04T15:37:54.133Z", "last_updated_time": "2021-01-04T15:37:54.133Z"}}, {"model": "blog.blog", "pk": 19, "fields": {"title": "shell下的第12篇文章", "blog_category": 1, "content": "xxx* 12", "author": 1, "created_time": "2021-01-04T15:37:54.135Z", "last_updated_time": "2021-01-04T15:37:54.135Z"}}, {"model": "blog.blog", "pk": 20, "fields": {"title": "shell下的第13篇文章", "blog_category": 1, "content": "xxx* 13", "author": 1, "created_time": "2021-01-04T15:37:54.137Z", "last_updated_time": "2021-01-04T15:37:54.137Z"}}, {"model": "blog.blog", "pk": 21, "fields": {"title": "shell下的第14篇文章", "blog_category": 1, "content": "xxx* 14", "author": 1, "created_time": "2021-01-04T15:37:54.139Z", "last_updated_time": "2021-01-04T15:37:54.139Z"}}, {"model": "blog.blog", "pk": 22, "fields": {"title": "shell下的第15篇文章", "blog_category": 1, "content": "xxx* 15", "author": 1, "created_time": "2021-01-04T15:37:54.142Z", "last_updated_time": "2021-01-04T15:37:54.142Z"}}, {"model": "blog.blog", "pk": 23, "fields": {"title": "shell下的第16篇文章", "blog_category": 1, "content": "xxx* 16", "author": 1, "created_time": "2021-01-04T15:37:54.144Z", "last_updated_time": "2021-01-04T15:37:54.144Z"}}, {"model": "blog.blog", "pk": 24, "fields": {"title": "shell下的第17篇文章", "blog_category": 1, "content": "xxx* 17", "author": 1, "created_time": "2021-01-04T15:37:54.146Z", "last_updated_time": "2021-01-04T15:37:54.146Z"}}, {"model": "blog.blog", "pk": 25, "fields": {"title": "shell下的第18篇文章", "blog_category": 1, "content": "xxx* 18", "author": 1, "created_time": "2021-01-04T15:37:54.148Z", "last_updated_time": "2021-01-04T15:37:54.148Z"}}, {"model": "blog.blog", "pk": 26, "fields": {"title": "shell下的第19篇文章", "blog_category": 1, "content": "xxx* 19", "author": 1, "created_time": "2021-01-04T15:37:54.151Z", "last_updated_time": "2021-01-04T15:37:54.151Z"}}, {"model": "blog.blog", "pk": 27, "fields": {"title": "shell下的第20篇文章", "blog_category": 1, "content": "xxx* 20", "author": 1, "created_time": "2021-01-04T15:37:54.153Z", "last_updated_time": "2021-01-04T15:37:54.153Z"}}, {"model": "blog.blog", "pk": 28, "fields": {"title": "shell下的第21篇文章", "blog_category": 1, "content": "xxx* 21", "author": 1, "created_time": "2021-01-04T15:37:54.155Z", "last_updated_time": "2021-01-04T15:37:54.155Z"}}, {"model": "blog.blog", "pk": 29, "fields": {"title": "shell下的第22篇文章", "blog_category": 1, "content": "xxx* 22", "author": 1, "created_time": "2021-01-04T15:37:54.156Z", "last_updated_time": "2021-01-04T15:37:54.157Z"}}, {"model": "blog.blog", "pk": 30, "fields": {"title": "shell下的第23篇文章", "blog_category": 1, "content": "xxx* 23", "author": 1, "created_time": "2021-01-04T15:37:54.158Z", "last_updated_time": "2021-01-04T15:37:54.158Z"}}, {"model": "blog.blog", "pk": 31, "fields": {"title": "shell下的第24篇文章", "blog_category": 1, "content": "xxx* 24", "author": 1, "created_time": "2021-01-04T15:37:54.160Z", "last_updated_time": "2021-01-04T15:37:54.160Z"}}, {"model": "blog.blog", "pk": 32, "fields": {"title": "shell下的第25篇文章", "blog_category": 1, "content": "xxx* 25", "author": 1, "created_time": "2021-01-04T15:37:54.161Z", "last_updated_time": "2021-01-04T15:37:54.161Z"}}, {"model": "blog.blog", "pk": 33, "fields": {"title": "shell下的第26篇文章", "blog_category": 1, "content": "xxx* 26", "author": 1, "created_time": "2021-01-04T15:37:54.163Z", "last_updated_time": "2021-01-04T15:37:54.163Z"}}, {"model": "blog.blog", "pk": 34, "fields": {"title": "shell下的第27篇文章", "blog_category": 1, "content": "xxx* 27", "author": 1, "created_time": "2021-01-04T15:37:54.165Z", "last_updated_time": "2021-01-04T15:37:54.165Z"}}, {"model": "blog.blog", "pk": 35, "fields": {"title": "shell下的第28篇文章", "blog_category": 1, "content": "xxx* 28", "author": 1, "created_time": "2021-01-04T15:37:54.166Z", "last_updated_time": "2021-01-04T15:37:54.166Z"}}, {"model": "blog.blog", "pk": 36, "fields": {"title": "shell下的第29篇文章", "blog_category": 1, "content": "xxx* 29", "author": 1, "created_time": "2021-01-04T15:37:54.168Z", "last_updated_time": "2021-01-04T15:37:54.168Z"}}, {"model": "read_statistics.readnum", "pk": 2, "fields": {"read_num": 39, "content_type": 8, "object_id": 36}}, {"model": "read_statistics.readnum", "pk": 3, "fields": {"read_num": 32, "content_type": 8, "object_id": 35}}, {"model": "read_statistics.readnum", "pk": 4, "fields": {"read_num": 2, "content_type": 8, "object_id": 33}}, {"model": "read_statistics.readnum", "pk": 5, "fields": {"read_num": 1, "content_type": 8, "object_id": 32}}, {"model": "read_statistics.readnum", "pk": 7, "fields": {"read_num": 7, "content_type": 8, "object_id": 20}}, {"model": "read_statistics.readnum", "pk": 8, "fields": {"read_num": 1, "content_type": 8, "object_id": 15}}, {"model": "read_statistics.readdetail", "pk": 1, "fields": {"date": "2021-01-12", "read_num": 1, "content_type": 8, "object_id": 33}}, {"model": "read_statistics.readdetail", "pk": 2, "fields": {"date": "2021-01-12", "read_num": 1, "content_type": 8, "object_id": 32}}, {"model": "read_statistics.readdetail", "pk": 5, "fields": {"date": "2021-01-14", "read_num": 5, "content_type": 8, "object_id": 20}}, {"model": "read_statistics.readdetail", "pk": 6, "fields": {"date": "2021-01-15", "read_num": 1, "content_type": 8, "object_id": 35}}, {"model": "read_statistics.readdetail", "pk": 7, "fields": {"date": "2021-01-15", "read_num": 1, "content_type": 8, "object_id": 15}}, {"model": "read_statistics.readdetail", "pk": 8, "fields": {"date": "2021-01-15", "read_num": 1, "content_type": 8, "object_id": 20}}, {"model": "read_statistics.readdetail", "pk": 10, "fields": {"date": "2021-01-16", "read_num": 1, "content_type": 8, "object_id": 36}}, {"model": "read_statistics.readdetail", "pk": 11, "fields": {"date": "2021-01-17", "read_num": 1, "content_type": 8, "object_id": 36}}, {"model": "read_statistics.readdetail", "pk": 12, "fields": {"date": "2021-01-18", "read_num": 1, "content_type": 8, "object_id": 36}}, {"model": "read_statistics.readdetail", "pk": 14, "fields": {"date": "2021-01-21", "read_num": 1, "content_type": 8, "object_id": 20}}, {"model": "read_statistics.readdetail", "pk": 16, "fields": {"date": "2021-01-22", "read_num": 5, "content_type": 8, "object_id": 35}}, {"model": "read_statistics.readdetail", "pk": 17, "fields": {"date": "2021-01-23", "read_num": 1, "content_type": 8, "object_id": 35}}, {"model": "read_statistics.readdetail", "pk": 18, "fields": {"date": "2021-01-24", "read_num": 9, "content_type": 8, "object_id": 35}}, {"model": "read_statistics.readdetail", "pk": 19, "fields": {"date": "2021-01-24", "read_num": 2, "content_type": 8, "object_id": 36}}, {"model": "read_statistics.readdetail", "pk": 20, "fields": {"date": "2021-01-25", "read_num": 3, "content_type": 8, "object_id": 35}}, {"model": "read_statistics.readdetail", "pk": 21, "fields": {"date": "2021-01-26", "read_num": 1, "content_type": 8, "object_id": 35}}, {"model": "read_statistics.readdetail", "pk": 22, "fields": {"date": "2021-01-27", "read_num": 1, "content_type": 8, "object_id": 35}}, {"model": "read_statistics.readdetail", "pk": 23, "fields": {"date": "2021-01-28", "read_num": 1, "content_type": 8, "object_id": 35}}, {"model": "read_statistics.readdetail", "pk": 24, "fields": {"date": "2021-02-01", "read_num": 1, "content_type": 8, "object_id": 33}}, {"model": "read_statistics.readdetail", "pk": 25, "fields": {"date": "2021-02-01", "read_num": 2, "content_type": 8, "object_id": 36}}, {"model": "read_statistics.readdetail", "pk": 26, "fields": {"date": "2021-02-02", "read_num": 2, "content_type": 8, "object_id": 36}}, {"model": "read_statistics.readdetail", "pk": 27, "fields": {"date": "2021-02-04", "read_num": 1, "content_type": 8, "object_id": 36}}, {"model": "read_statistics.readdetail", "pk": 28, "fields": {"date": "2021-02-11", "read_num": 11, "content_type": 8, "object_id": 36}}, {"model": "read_statistics.readdetail", "pk": 29, "fields": {"date": "2021-02-11", "read_num": 1, "content_type": 8, "object_id": 35}}, {"model": "read_statistics.readdetail", "pk": 30, "fields": {"date": "2021-02-13", "read_num": 6, "content_type": 8, "object_id": 35}}, {"model": "read_statistics.readdetail", "pk": 31, "fields": {"date": "2021-02-13", "read_num": 2, "content_type": 8, "object_id": 36}}, {"model": "read_statistics.readdetail", "pk": 32, "fields": {"date": "2021-02-14", "read_num": 2, "content_type": 8, "object_id": 36}}, {"model": "read_statistics.readdetail", "pk": 33, "fields": {"date": "2021-02-14", "read_num": 1, "content_type": 8, "object_id": 35}}, {"model": "read_statistics.readdetail", "pk": 34, "fields": {"date": "2021-02-15", "read_num": 2, "content_type": 8, "object_id": 36}}, {"model": "read_statistics.readdetail", "pk": 35, "fields": {"date": "2021-02-15", "read_num": 1, "content_type": 8, "object_id": 35}}, {"model": "read_statistics.readdetail", "pk": 36, "fields": {"date": "2021-02-16", "read_num": 7, "content_type": 8, "object_id": 36}}, {"model": "read_statistics.readdetail", "pk": 37, "fields": {"date": "2021-02-18", "read_num": 1, "content_type": 8, "object_id": 36}}, {"model": "read_statistics.readdetail", "pk": 38, "fields": {"date": "2021-02-21", "read_num": 1, "content_type": 8, "object_id": 36}}, {"model": "read_statistics.readdetail", "pk": 39, "fields": {"date": "2021-03-20", "read_num": 1, "content_type": 8, "object_id": 36}}, {"model": "comment.comment", "pk": 6, "fields": {"content_type": 8, "object_id": 37, "text": "123", "comment_date": "2021-01-17T13:13:34.606Z", "user": 1, "root": null, "parent": null, "reply_to": null}}, {"model": "comment.comment", "pk": 7, "fields": {"content_type": 8, "object_id": 37, "text": "xxxx", "comment_date": "2021-01-17T13:44:53.826Z", "user": 1, "root": null, "parent": null, "reply_to": null}}, {"model": "comment.comment", "pk": 8, "fields": {"content_type": 8, "object_id": 35, "text": "xx", "comment_date": "2021-01-22T18:38:56.009Z", "user": 1, "root": null, "parent": null, "reply_to": null}}, {"model": "comment.comment", "pk": 9, "fields": {"content_type": 8, "object_id": 35, "text": "xxx", "comment_date": "2021-01-23T17:26:30.683Z", "user": 1, "root": null, "parent": null, "reply_to": null}}, {"model": "comment.comment", "pk": 10, "fields": {"content_type": 8, "object_id": 35, "text": "xxx", "comment_date": "2021-01-23T17:26:33.432Z", "user": 1, "root": null, "parent": null, "reply_to": null}}, {"model": "comment.comment", "pk": 11, "fields": {"content_type": 8, "object_id": 35, "text": "<p>xxx</p>", "comment_date": "2021-01-24T10:59:23.347Z", "user": 1, "root": null, "parent": null, "reply_to": null}}, {"model": "comment.comment", "pk": 12, "fields": {"content_type": 8, "object_id": 35, "text": "<p>abc</p>", "comment_date": "2021-01-24T10:59:42.604Z", "user": 1, "root": null, "parent": null, "reply_to": null}}, {"model": "comment.comment", "pk": 13, "fields": {"content_type": 8, "object_id": 35, "text": "<p>xx</p>", "comment_date": "2021-01-24T11:05:49.375Z", "user": 1, "root": null, "parent": null, "reply_to": null}}, {"model": "comment.comment", "pk": 14, "fields": {"content_type": 8, "object_id": 35, "text": "<p>xxx</p>", "comment_date": "2021-01-24T11:46:11.343Z", "user": 1, "root": null, "parent": null, "reply_to": null}}, {"model": "comment.comment", "pk": 15, "fields": {"content_type": 8, "object_id": 35, "text": "<p>xxx</p>", "comment_date": "2021-01-24T11:49:54.200Z", "user": 1, "root": null, "parent": null, "reply_to": null}}, {"model": "comment.comment", "pk": 16, "fields": {"content_type": 8, "object_id": 35, "text": "<p>xxx</p>", "comment_date": "2021-01-24T12:03:22.827Z", "user": 1, "root": null, "parent": null, "reply_to": null}}, {"model": "comment.comment", "pk": 17, "fields": {"content_type": 8, "object_id": 35, "text": "<p>12343</p>", "comment_date": "2021-01-24T12:18:58.500Z", "user": 1, "root": null, "parent": null, "reply_to": null}}, {"model": "comment.comment", "pk": 18, "fields": {"content_type": 8, "object_id": 35, "text": "<p>12343</p>", "comment_date": "2021-01-24T12:19:03.954Z", "user": 1, "root": null, "parent": null, "reply_to": null}}, {"model": "comment.comment", "pk": 19, "fields": {"content_type": 8, "object_id": 35, "text": "<p>xxx</p>", "comment_date": "2021-01-24T12:33:08.191Z", "user": 1, "root": null, "parent": null, "reply_to": null}}, {"model": "comment.comment", "pk": 20, "fields": {"content_type": 8, "object_id": 35, "text": "<p>xxx</p>", "comment_date": "2021-01-24T12:33:18.530Z", "user": 1, "root": null, "parent": null, "reply_to": null}}, {"model": "comment.comment", "pk": 21, "fields": {"content_type": 8, "object_id": 35, "text": "<p>xxx</p>", "comment_date": "2021-01-24T12:33:25.057Z", "user": 1, "root": null, "parent": null, "reply_to": null}}, {"model": "comment.comment", "pk": 22, "fields": {"content_type": 8, "object_id": 35, "text": "<p>xxx</p>", "comment_date": "2021-01-24T12:33:28.687Z", "user": 1, "root": null, "parent": null, "reply_to": null}}, {"model": "comment.comment", "pk": 23, "fields": {"content_type": 8, "object_id": 35, "text": "<p>xxx</p>", "comment_date": "2021-01-24T12:33:36.701Z", "user": 1, "root": null, "parent": null, "reply_to": null}}, {"model": "comment.comment", "pk": 24, "fields": {"content_type": 8, "object_id": 35, "text": "<p>xxx</p>", "comment_date": "2021-01-24T12:33:55.968Z", "user": 1, "root": null, "parent": null, "reply_to": null}}, {"model": "comment.comment", "pk": 25, "fields": {"content_type": 8, "object_id": 35, "text": "<p>xxx</p>", "comment_date": "2021-01-24T12:38:12.855Z", "user": 1, "root": null, "parent": null, "reply_to": null}}, {"model": "comment.comment", "pk": 26, "fields": {"content_type": 8, "object_id": 35, "text": "<p>xxx</p>", "comment_date": "2021-01-24T12:38:56.625Z", "user": 1, "root": null, "parent": null, "reply_to": null}}, {"model": "comment.comment", "pk": 27, "fields": {"content_type": 8, "object_id": 35, "text": "<p>xxx</p>", "comment_date": "2021-01-24T12:45:02.344Z", "user": 1, "root": null, "parent": null, "reply_to": null}}, {"model": "comment.comment", "pk": 28, "fields": {"content_type": 8, "object_id": 35, "text": "<p>xxx</p>", "comment_date": "2021-01-24T12:45:04.857Z", "user": 1, "root": null, "parent": null, "reply_to": null}}, {"model": "comment.comment", "pk": 29, "fields": {"content_type": 8, "object_id": 35, "text": "<p>xxx</p>", "comment_date": "2021-01-24T12:51:12.668Z", "user": 1, "root": null, "parent": null, "reply_to": null}}, {"model": "comment.comment", "pk": 30, "fields": {"content_type": 8, "object_id": 35, "text": "<p>xxx</p>", "comment_date": "2021-01-24T12:51:37.161Z", "user": 1, "root": null, "parent": null, "reply_to": null}}, {"model": "comment.comment", "pk": 31, "fields": {"content_type": 8, "object_id": 36, "text": "<p>zxx</p>", "comment_date": "2021-01-24T13:08:20.131Z", "user": 1, "root": null, "parent": null, "reply_to": null}}, {"model": "comment.comment", "pk": 32, "fields": {"content_type": 8, "object_id": 36, "text": "<p>zxx</p>", "comment_date": "2021-01-24T13:11:21.640Z", "user": 1, "root": null, "parent": null, "reply_to": null}}, {"model": "comment.comment", "pk": 33, "fields": {"content_type": 8, "object_id": 36, "text": "<p>avc</p>", "comment_date": "2021-01-24T14:24:41.001Z", "user": 1, "root": null, "parent": null, "reply_to": null}}, {"model": "comment.comment", "pk": 34, "fields": {"content_type": 8, "object_id": 36, "text": "<p>123avc</p>", "comment_date": "2021-01-24T14:28:00.525Z", "user": 1, "root": null, "parent": null, "reply_to": null}}, {"model": "comment.comment", "pk": 35, "fields": {"content_type": 8, "object_id": 35, "text": "<p>xxxx</p>", "comment_date": "2021-01-24T14:29:01.234Z", "user": 1, "root": null, "parent": null, "reply_to": null}}, {"model": "comment.comment", "pk": 36, "fields": {"content_type": 8, "object_id": 35, "text": "<p>avx</p>", "comment_date": "2021-01-24T14:37:08.679Z", "user": 1, "root": null, "parent": null, "reply_to": null}}, {"model": "comment.comment", "pk": 37, "fields": {"content_type": 8, "object_id": 35, "text": "<p>xxx</p>", "comment_date": "2021-01-24T14:51:40.608Z", "user": 1, "root": null, "parent": null, "reply_to": null}}, {"model": "comment.comment", "pk": 38, "fields": {"content_type": 8, "object_id": 35, "text": "<p>1234578</p>", "comment_date": "2021-01-24T14:51:54.605Z", "user": 1, "root": null, "parent": null, "reply_to": null}}, {"model": "comment.comment", "pk": 39, "fields": {"content_type": 8, "object_id": 35, "text": "<p>1234578</p>", "comment_date": "2021-01-24T14:53:22.645Z", "user": 1, "root": null, "parent": null, "reply_to": null}}, {"model": "comment.comment", "pk": 40, "fields": {"content_type": 8, "object_id": 35, "text": "<p>xx</p>", "comment_date": "2021-01-24T15:06:01.581Z", "user": 1, "root": null, "parent": null, "reply_to": null}}, {"model": "comment.comment", "pk": 41, "fields": {"content_type": 8, "object_id": 35, "text": "<p>xx</p>", "comment_date": "2021-01-24T15:08:20.608Z", "user": 1, "root": null, "parent": null, "reply_to": null}}, {"model": "comment.comment", "pk": 42, "fields": {"content_type": 8, "object_id": 35, "text": "<p>xx</p>", "comment_date": "2021-01-24T15:15:51.529Z", "user": 1, "root": null, "parent": null, "reply_to": null}}, {"model": "comment.comment", "pk": 43, "fields": {"content_type": 8, "object_id": 35, "text": "<p>labi</p>", "comment_date": "2021-01-24T15:16:23.084Z", "user": 1, "root": null, "parent": null, "reply_to": null}}, {"model": "comment.comment", "pk": 44, "fields": {"content_type": 8, "object_id": 35, "text": "<p>xxx</p>", "comment_date": "2021-01-24T15:21:35.094Z", "user": 1, "root": null, "parent": null, "reply_to": null}}, {"model": "comment.comment", "pk": 45, "fields": {"content_type": 8, "object_id": 35, "text": "<p>xxx</p>", "comment_date": "2021-01-24T15:23:13.033Z", "user": 1, "root": null, "parent": null, "reply_to": null}}, {"model": "comment.comment", "pk": 46, "fields": {"content_type": 8, "object_id": 35, "text": "<p>xxx</p>", "comment_date": "2021-01-24T15:26:30.295Z", "user": 1, "root": null, "parent": null, "reply_to": null}}, {"model": "comment.comment", "pk": 47, "fields": {"content_type": 8, "object_id": 35, "text": "<p>xxx</p>", "comment_date": "2021-01-25T14:57:58.588Z", "user": 1, "root": null, "parent": null, "reply_to": null}}, {"model": "comment.comment", "pk": 48, "fields": {"content_type": 8, "object_id": 35, "text": "<p>xxx</p>", "comment_date": "2021-01-25T15:01:22.450Z", "user": 1, "root": null, "parent": null, "reply_to": null}}, {"model": "comment.comment", "pk": 49, "fields": {"content_type": 8, "object_id": 35, "text": "<p>xxx</p>", "comment_date": "2021-01-25T15:02:03.893Z", "user": 1, "root": null, "parent": null, "reply_to": null}}, {"model": "comment.comment", "pk": 50, "fields": {"content_type": 8, "object_id": 35, "text": "reply", "comment_date": "2021-01-25T15:02:19.578Z", "user": 1, "root": 43, "parent": 43, "reply_to": 1}}, {"model": "comment.comment", "pk": 51, "fields": {"content_type": 8, "object_id": 35, "text": "<p>xx</p>", "comment_date": "2021-01-28T15:06:07.316Z", "user": 1, "root": 8, "parent": 8, "reply_to": 1}}, {"model": "comment.comment", "pk": 52, "fields": {"content_type": 8, "object_id": 35, "text": "<p>123423</p>", "comment_date": "2021-01-30T18:15:25.847Z", "user": 1, "root": 8, "parent": 51, "reply_to": 1}}, {"model": "comment.comment", "pk": 53, "fields": {"content_type": 8, "object_id": 35, "text": "<p>123423</p>", "comment_date": "2021-01-30T18:15:27.686Z", "user": 1, "root": 8, "parent": 51, "reply_to": 1}}, {"model": "comment.comment", "pk": 54, "fields": {"content_type": 8, "object_id": 35, "text": "<p>123423</p>", "comment_date": "2021-01-30T18:15:28.302Z", "user": 1, "root": 8, "parent": 51, "reply_to": 1}}, {"model": "comment.comment", "pk": 55, "fields": {"content_type": 8, "object_id": 35, "text": "<p>123423</p>", "comment_date": "2021-01-30T18:15:30.620Z", "user": 1, "root": 8, "parent": 51, "reply_to": 1}}, {"model": "comment.comment", "pk": 56, "fields": {"content_type": 8, "object_id": 35, "text": "<p>123423</p>", "comment_date": "2021-01-30T18:17:03.501Z", "user": 1, "root": 8, "parent": 51, "reply_to": 1}}, {"model": "comment.comment", "pk": 57, "fields": {"content_type": 8, "object_id": 35, "text": "<p>12344</p>", "comment_date": "2021-01-30T18:17:08.676Z", "user": 1, "root": 8, "parent": 56, "reply_to": 1}}, {"model": "comment.comment", "pk": 58, "fields": {"content_type": 8, "object_id": 33, "text": "<p>123</p>", "comment_date": "2021-02-01T15:59:48.154Z", "user": 1, "root": null, "parent": null, "reply_to": null}}, {"model": "comment.comment", "pk": 59, "fields": {"content_type": 8, "object_id": 36, "text": "<p>第二条</p>\r\n\r\n<p>&nbsp;</p>", "comment_date": "2021-02-01T16:16:35.630Z", "user": 1, "root": null, "parent": null, "reply_to": null}}, {"model": "comment.comment", "pk": 60, "fields": {"content_type": 8, "object_id": 36, "text": "<p>dd</p>", "comment_date": "2021-02-01T16:16:45.833Z", "user": 1, "root": 59, "parent": 59, "reply_to": 1}}, {"model": "comment.comment", "pk": 61, "fields": {"content_type": 8, "object_id": 36, "text": "<p>测试timestamp</p>", "comment_date": "2021-02-02T14:52:15.232Z", "user": 1, "root": null, "parent": null, "reply_to": null}}, {"model": "comment.comment", "pk": 62, "fields": {"content_type": 8, "object_id": 36, "text": "<p>继续测试timestamp</p>", "comment_date": "2021-02-02T15:09:42.206Z", "user": 1, "root": null, "parent": null, "reply_to": null}}, {"model": "comment.comment", "pk": 63, "fields": {"content_type": 8, "object_id": 36, "text": "<p>再来一次</p>", "comment_date": "2021-02-02T15:11:41.462Z", "user": 1, "root": null, "parent": null, "reply_to": null}}, {"model": "comment.comment", "pk": 64, "fields": {"content_type": 8, "object_id": 36, "text": "<p>测试</p>", "comment_date": "2021-02-02T15:13:03.472Z", "user": 1, "root": null, "parent": null, "reply_to": null}}, {"model": "comment.comment", "pk": 65, "fields": {"content_type": 8, "object_id": 36, "text": "<p>try</p>", "comment_date": "2021-02-02T15:13:20.944Z", "user": 1, "root": null, "parent": null, "reply_to": null}}, {"model": "comment.comment", "pk": 67, "fields": {"content_type": 8, "object_id": 36, "text": "<p>xxxx</p>", "comment_date": "2021-02-02T15:15:03.984Z", "user": 1, "root": null, "parent": null, "reply_to": null}}, {"model": "comment.comment", "pk": 68, "fields": {"content_type": 8, "object_id": 36, "text": "<p>xxxx</p>", "comment_date": "2021-02-02T15:15:06.603Z", "user": 1, "root": null, "parent": null, "reply_to": null}}, {"model": "comment.comment", "pk": 69, "fields": {"content_type": 8, "object_id": 36, "text": "<p>xxxx</p>", "comment_date": "2021-02-02T15:15:08.605Z", "user": 1, "root": null, "parent": null, "reply_to": null}}, {"model": "comment.comment", "pk": 70, "fields": {"content_type": 8, "object_id": 36, "text": "<p>xxxx</p>", "comment_date": "2021-02-02T15:15:09.137Z", "user": 1, "root": null, "parent": null, "reply_to": null}}, {"model": "comment.comment", "pk": 71, "fields": {"content_type": 8, "object_id": 36, "text": "<p>xxxx</p>", "comment_date": "2021-02-02T15:15:09.332Z", "user": 1, "root": null, "parent": null, "reply_to": null}}, {"model": "comment.comment", "pk": 72, "fields": {"content_type": 8, "object_id": 36, "text": "<p>xxxx</p>", "comment_date": "2021-02-02T15:15:09.521Z", "user": 1, "root": null, "parent": null, "reply_to": null}}, {"model": "comment.comment", "pk": 73, "fields": {"content_type": 8, "object_id": 36, "text": "<p>xxxx</p>", "comment_date": "2021-02-02T15:15:09.755Z", "user": 1, "root": null, "parent": null, "reply_to": null}}, {"model": "comment.comment", "pk": 74, "fields": {"content_type": 8, "object_id": 36, "text": "<p>xxxx</p>", "comment_date": "2021-02-02T15:15:10.639Z", "user": 1, "root": null, "parent": null, "reply_to": null}}, {"model": "comment.comment", "pk": 75, "fields": {"content_type": 8, "object_id": 36, "text": "<p>xxxx</p>", "comment_date": "2021-02-02T15:15:10.890Z", "user": 1, "root": null, "parent": null, "reply_to": null}}, {"model": "comment.comment", "pk": 76, "fields": {"content_type": 8, "object_id": 36, "text": "<p>xx</p>", "comment_date": "2021-02-02T15:15:19.414Z", "user": 1, "root": null, "parent": null, "reply_to": null}}, {"model": "comment.comment", "pk": 77, "fields": {"content_type": 8, "object_id": 36, "text": "<p>xxxx</p>", "comment_date": "2021-02-02T15:19:24.810Z", "user": 1, "root": null, "parent": null, "reply_to": null}}, {"model": "comment.comment", "pk": 78, "fields": {"content_type": 8, "object_id": 36, "text": "<p>xxxx</p>", "comment_date": "2021-02-02T15:20:04.884Z", "user": 1, "root": null, "parent": null, "reply_to": null}}, {"model": "comment.comment", "pk": 79, "fields": {"content_type": 8, "object_id": 36, "text": "<p>xx</p>", "comment_date": "2021-02-02T15:20:13.706Z", "user": 1, "root": null, "parent": null, "reply_to": null}}, {"model": "comment.comment", "pk": 80, "fields": {"content_type": 8, "object_id": 36, "text": "<p>123</p>", "comment_date": "2021-02-02T15:20:17.999Z", "user": 1, "root": null, "parent": null, "reply_to": null}}, {"model": "comment.comment", "pk": 81, "fields": {"content_type": 8, "object_id": 36, "text": "<p>xx</p>", "comment_date": "2021-02-02T15:24:41.066Z", "user": 1, "root": null, "parent": null, "reply_to": null}}, {"model": "comment.comment", "pk": 82, "fields": {"content_type": 8, "object_id": 36, "text": "<p>zzz</p>", "comment_date": "2021-02-11T16:04:36.852Z", "user": 1, "root": 80, "parent": 80, "reply_to": 1}}, {"model": "comment.comment", "pk": 83, "fields": {"content_type": 8, "object_id": 36, "text": "<p>xxx</p>", "comment_date": "2021-02-11T16:04:45.960Z", "user": 1, "root": 80, "parent": 82, "reply_to": 1}}, {"model": "comment.comment", "pk": 84, "fields": {"content_type": 8, "object_id": 36, "text": "<p>123</p>", "comment_date": "2021-02-14T14:46:27.735Z", "user": 1, "root": null, "parent": null, "reply_to": null}}, {"model": "comment.comment", "pk": 85, "fields": {"content_type": 8, "object_id": 36, "text": "<p>123</p>", "comment_date": "2021-02-14T14:50:29.044Z", "user": 1, "root": null, "parent": null, "reply_to": null}}, {"model": "comment.comment", "pk": 86, "fields": {"content_type": 8, "object_id": 36, "text": "<p>test</p>", "comment_date": "2021-02-14T14:51:06.804Z", "user": 1, "root": null, "parent": null, "reply_to": null}}, {"model": "comment.comment", "pk": 87, "fields": {"content_type": 8, "object_id": 36, "text": "<p>text</p>", "comment_date": "2021-02-14T14:54:32.414Z", "user": 1, "root": null, "parent": null, "reply_to": null}}, {"model": "comment.comment", "pk": 88, "fields": {"content_type": 8, "object_id": 35, "text": "<p>text</p>", "comment_date": "2021-02-14T14:56:58.721Z", "user": 1, "root": null, "parent": null, "reply_to": null}}, {"model": "comment.comment", "pk": 89, "fields": {"content_type": 8, "object_id": 35, "text": "<p>text</p>", "comment_date": "2021-02-14T15:01:53.703Z", "user": 1, "root": null, "parent": null, "reply_to": null}}, {"model": "comment.comment", "pk": 90, "fields": {"content_type": 8, "object_id": 35, "text": "<p>text</p>", "comment_date": "2021-02-14T15:02:07.782Z", "user": 1, "root": null, "parent": null, "reply_to": null}}, {"model": "comment.comment", "pk": 91, "fields": {"content_type": 8, "object_id": 35, "text": "<p>tst</p>", "comment_date": "2021-02-14T15:02:55.914Z", "user": 1, "root": 88, "parent": 88, "reply_to": 1}}, {"model": "comment.comment", "pk": 92, "fields": {"content_type": 8, "object_id": 35, "text": "<p>text</p>", "comment_date": "2021-02-14T15:04:27.403Z", "user": 1, "root": null, "parent": null, "reply_to": null}}, {"model": "comment.comment", "pk": 93, "fields": {"content_type": 8, "object_id": 35, "text": "<p>123</p>", "comment_date": "2021-02-14T15:04:37.367Z", "user": 1, "root": 92, "parent": 92, "reply_to": 1}}, {"model": "comment.comment", "pk": 94, "fields": {"content_type": 8, "object_id": 35, "text": "<p>123</p>", "comment_date": "2021-02-14T15:04:48.714Z", "user": 1, "root": null, "parent": null, "reply_to": null}}, {"model": "comment.comment", "pk": 95, "fields": {"content_type": 8, "object_id": 35, "text": "<p>sd</p>", "comment_date": "2021-02-14T15:04:53.811Z", "user": 1, "root": 94, "parent": 94, "reply_to": 1}}, {"model": "comment.comment", "pk": 96, "fields": {"content_type": 8, "object_id": 35, "text": "<p>123</p>", "comment_date": "2021-02-14T15:05:51.896Z", "user": 1, "root": null, "parent": null, "reply_to": null}}, {"model": "comment.comment", "pk": 97, "fields": {"content_type": 8, "object_id": 35, "text": "<p>asd</p>", "comment_date": "2021-02-14T15:05:56.782Z", "user": 1, "root": 96, "parent": 96, "reply_to": 1}}, {"model": "comment.comment", "pk": 98, "fields": {"content_type": 8, "object_id": 35, "text": "<p>xxx</p>", "comment_date": "2021-02-14T15:06:58.541Z", "user": 1, "root": null, "parent": null, "reply_to": null}}, {"model": "comment.comment", "pk": 99, "fields": {"content_type": 8, "object_id": 35, "text": "<p>gss</p>", "comment_date": "2021-02-14T15:12:24.745Z", "user": 1, "root": null, "parent": null, "reply_to": null}}, {"model": "comment.comment", "pk": 100, "fields": {"content_type": 8, "object_id": 35, "text": "<p>text</p>", "comment_date": "2021-02-14T15:30:10.536Z", "user": 1, "root": null, "parent": null, "reply_to": null}}, {"model": "comment.comment", "pk": 101, "fields": {"content_type": 8, "object_id": 35, "text": "<p>xas</p>", "comment_date": "2021-02-14T15:32:57.107Z", "user": 1, "root": null, "parent": null, "reply_to": null}}, {"model": "comment.comment", "pk": 102, "fields": {"content_type": 8, "object_id": 35, "text": "<p>anx</p>", "comment_date": "2021-02-14T15:33:28.991Z", "user": 1, "root": null, "parent": null, "reply_to": null}}, {"model": "comment.comment", "pk": 103, "fields": {"content_type": 8, "object_id": 36, "text": "<p>asd</p>", "comment_date": "2021-02-14T15:43:32.500Z", "user": 1, "root": null, "parent": null, "reply_to": null}}, {"model": "comment.comment", "pk": 104, "fields": {"content_type": 8, "object_id": 36, "text": "<p>asx</p>", "comment_date": "2021-02-14T15:46:09.697Z", "user": 1, "root": null, "parent": null, "reply_to": null}}, {"model": "comment.comment", "pk": 105, "fields": {"content_type": 8, "object_id": 36, "text": "<p>oasid</p>", "comment_date": "2021-02-14T15:47:34.724Z", "user": 1, "root": null, "parent": null, "reply_to": null}}, {"model": "comment.comment", "pk": 106, "fields": {"content_type": 8, "object_id": 36, "text": "<p>asx</p>", "comment_date": "2021-02-14T15:54:22.772Z", "user": 1, "root": null, "parent": null, "reply_to": null}}, {"model": "comment.comment", "pk": 107, "fields": {"content_type": 8, "object_id": 36, "text": "<p>123</p>", "comment_date": "2021-03-20T15:26:50.723Z", "user": 1, "root": null, "parent": null, "reply_to": null}}, {"model": "comment.comment", "pk": 108, "fields": {"content_type": 8, "object_id": 36, "text": "<p>123</p>", "comment_date": "2021-03-20T15:27:09.183Z", "user": 1, "root": null, "parent": null, "reply_to": null}}, {"model": "comment.comment", "pk": 109, "fields": {"content_type": 8, "object_id": 36, "text": "<p>123</p>", "comment_date": "2021-03-20T15:31:10.008Z", "user": 1, "root": null, "parent": null, "reply_to": null}}, {"model": "comment.comment", "pk": 110, "fields": {"content_type": 8, "object_id": 36, "text": "<p>abv</p>", "comment_date": "2021-03-20T15:31:21.771Z", "user": 1, "root": null, "parent": null, "reply_to": null}}, {"model": "comment.comment", "pk": 111, "fields": {"content_type": 8, "object_id": 36, "text": "<p>123</p>", "comment_date": "2021-03-20T15:33:26.273Z", "user": 1, "root": 31, "parent": 31, "reply_to": 1}}, {"model": "comment.comment", "pk": 112, "fields": {"content_type": 8, "object_id": 36, "text": "<p>test</p>", "comment_date": "2021-03-20T15:44:43.632Z", "user": 1, "root": 74, "parent": 74, "reply_to": 1}}, {"model": "comment.comment", "pk": 113, "fields": {"content_type": 8, "object_id": 36, "text": "<p>多线程测试</p>", "comment_date": "2021-03-20T16:14:39.200Z", "user": 1, "root": null, "parent": null, "reply_to": null}}, {"model": "comment.comment", "pk": 114, "fields": {"content_type": 8, "object_id": 36, "text": "<p>多线程测试回复</p>", "comment_date": "2021-03-20T16:14:57.534Z", "user": 1, "root": 113, "parent": 113, "reply_to": 1}}, {"model": "comment.comment", "pk": 115, "fields": {"content_type": 8, "object_id": 36, "text": "<p>继续测试回复</p>", "comment_date": "2021-03-20T16:18:16.924Z", "user": 1, "root": 113, "parent": 114, "reply_to": 1}}, {"model": "comment.comment", "pk": 116, "fields": {"content_type": 8, "object_id": 36, "text": "<p>abc</p>", "comment_date": "2021-03-20T16:46:24.426Z", "user": 1, "root": null, "parent": null, "reply_to": null}}, {"model": "comment.comment", "pk": 117, "fields": {"content_type": 8, "object_id": 36, "text": "<p>html邮件测试</p>", "comment_date": "2021-03-20T16:47:30.662Z", "user": 1, "root": null, "parent": null, "reply_to": null}}, {"model": "comment.comment", "pk": 118, "fields": {"content_type": 8, "object_id": 36, "text": "<p>html测试</p>\r\n\r\n<p>&nbsp;</p>", "comment_date": "2021-03-20T16:52:39.291Z", "user": 1, "root": null, "parent": null, "reply_to": null}}, {"model": "comment.comment", "pk": 119, "fields": {"content_type": 8, "object_id": 36, "text": "<p>测试</p>", "comment_date": "2021-03-20T17:38:10.915Z", "user": 1, "root": null, "parent": null, "reply_to": null}}, {"model": "comment.comment", "pk": 120, "fields": {"content_type": 8, "object_id": 36, "text": "<p>pdb调试</p>", "comment_date": "2021-03-20T17:39:14.649Z", "user": 1, "root": null, "parent": null, "reply_to": null}}, {"model": "comment.comment", "pk": 121, "fields": {"content_type": 8, "object_id": 36, "text": "<p>asd</p>", "comment_date": "2021-03-20T17:44:09.810Z", "user": 1, "root": null, "parent": null, "reply_to": null}}, {"model": "comment.comment", "pk": 122, "fields": {"content_type": 8, "object_id": 36, "text": "<p>asd</p>", "comment_date": "2021-03-20T17:45:02.533Z", "user": 1, "root": null, "parent": null, "reply_to": null}}, {"model": "comment.comment", "pk": 123, "fields": {"content_type": 8, "object_id": 36, "text": "<p>asbd</p>", "comment_date": "2021-03-20T17:46:53.907Z", "user": 1, "root": null, "parent": null, "reply_to": null}}, {"model": "comment.comment", "pk": 124, "fields": {"content_type": 8, "object_id": 36, "text": "<p>pdb测试</p>\r\n\r\n<p>&nbsp;</p>", "comment_date": "2021-03-20T17:51:04.202Z", "user": 1, "root": null, "parent": null, "reply_to": null}}, {"model": "comment.comment", "pk": 125, "fields": {"content_type": 8, "object_id": 36, "text": "<p>pdb测试</p>\r\n\r\n<p>&nbsp;</p>", "comment_date": "2021-03-20T17:59:37.548Z", "user": 1, "root": null, "parent": null, "reply_to": null}}, {"model": "comment.comment", "pk": 126, "fields": {"content_type": 8, "object_id": 36, "text": "<p>pdb测试</p>\r\n\r\n<p>&nbsp;</p>", "comment_date": "2021-03-20T18:00:46.060Z", "user": 1, "root": null, "parent": null, "reply_to": null}}, {"model": "comment.comment", "pk": 127, "fields": {"content_type": 8, "object_id": 36, "text": "<p>context测试</p>", "comment_date": "2021-03-21T13:47:33.292Z", "user": 1, "root": null, "parent": null, "reply_to": null}}, {"model": "comment.comment", "pk": 128, "fields": {"content_type": 8, "object_id": 36, "text": "<p>测试</p>", "comment_date": "2021-03-21T13:52:24.060Z", "user": 1, "root": null, "parent": null, "reply_to": null}}, {"model": "comment.comment", "pk": 129, "fields": {"content_type": 8, "object_id": 36, "text": "<p>utf-8问题测试</p>", "comment_date": "2021-03-21T13:55:35.184Z", "user": 1, "root": null, "parent": null, "reply_to": null}}, {"model": "comment.comment", "pk": 130, "fields": {"content_type": 8, "object_id": 36, "text": "<p>转移测试</p>\r\n\r\n<p>&nbsp;</p>", "comment_date": "2021-03-21T14:06:08.126Z", "user": 1, "root": null, "parent": null, "reply_to": null}}, {"model": "comment.comment", "pk": 131, "fields": {"content_type": 8, "object_id": 36, "text": "<p>关闭自动转义测试</p>", "comment_date": "2021-03-21T14:09:49.791Z", "user": 1, "root": null, "parent": null, "reply_to": null}}, {"model": "likes.likescount", "pk": 1, "fields": {"content_type": 8, "object_id": 36, "liked_num": 1}}, {"model": "likes.likescount", "pk": 2, "fields": {"content_type": 8, "object_id": 35, "liked_num": 1}}, {"model": "likes.likescount", "pk": 3, "fields": {"content_type": 8, "object_id": 34, "liked_num": 0}}, {"model": "likes.likescount", "pk": 4, "fields": {"content_type": 8, "object_id": 33, "liked_num": 0}}, {"model": "likes.likescount", "pk": 5, "fields": {"content_type": 8, "object_id": 32, "liked_num": 0}}, {"model": "likes.likescount", "pk": 6, "fields": {"content_type": 12, "object_id": 81, "liked_num": 0}}, {"model": "likes.likescount", "pk": 7, "fields": {"content_type": 12, "object_id": 80, "liked_num": 1}}, {"model": "likes.likescount", "pk": 8, "fields": {"content_type": 12, "object_id": 79, "liked_num": 0}}, {"model": "likes.likescount", "pk": 9, "fields": {"content_type": 12, "object_id": 78, "liked_num": 0}}, {"model": "likes.likescount", "pk": 10, "fields": {"content_type": 12, "object_id": 77, "liked_num": 0}}, {"model": "likes.likescount", "pk": 11, "fields": {"content_type": 12, "object_id": 76, "liked_num": 0}}, {"model": "likes.likescount", "pk": 12, "fields": {"content_type": 12, "object_id": 75, "liked_num": 0}}, {"model": "likes.likescount", "pk": 13, "fields": {"content_type": 12, "object_id": 74, "liked_num": 0}}, {"model": "likes.likescount", "pk": 14, "fields": {"content_type": 12, "object_id": 73, "liked_num": 0}}, {"model": "likes.likescount", "pk": 15, "fields": {"content_type": 12, "object_id": 72, "liked_num": 0}}, {"model": "likes.likescount", "pk": 16, "fields": {"content_type": 12, "object_id": 71, "liked_num": 0}}, {"model": "likes.likescount", "pk": 17, "fields": {"content_type": 12, "object_id": 70, "liked_num": 0}}, {"model": "likes.likescount", "pk": 18, "fields": {"content_type": 12, "object_id": 69, "liked_num": 0}}, {"model": "likes.likescount", "pk": 19, "fields": {"content_type": 12, "object_id": 68, "liked_num": 0}}, {"model": "likes.likescount", "pk": 20, "fields": {"content_type": 12, "object_id": 67, "liked_num": 0}}, {"model": "likes.likescount", "pk": 21, "fields": {"content_type": 12, "object_id": 65, "liked_num": 0}}, {"model": "likes.likescount", "pk": 22, "fields": {"content_type": 12, "object_id": 64, "liked_num": 0}}, {"model": "likes.likescount", "pk": 23, "fields": {"content_type": 12, "object_id": 63, "liked_num": 0}}, {"model": "likes.likescount", "pk": 24, "fields": {"content_type": 12, "object_id": 62, "liked_num": 0}}, {"model": "likes.likescount", "pk": 25, "fields": {"content_type": 12, "object_id": 61, "liked_num": 0}}, {"model": "likes.likescount", "pk": 26, "fields": {"content_type": 12, "object_id": 59, "liked_num": 0}}, {"model": "likes.likescount", "pk": 27, "fields": {"content_type": 12, "object_id": 60, "liked_num": 0}}, {"model": "likes.likescount", "pk": 28, "fields": {"content_type": 12, "object_id": 34, "liked_num": 0}}, {"model": "likes.likescount", "pk": 29, "fields": {"content_type": 12, "object_id": 33, "liked_num": 0}}, {"model": "likes.likescount", "pk": 30, "fields": {"content_type": 12, "object_id": 32, "liked_num": 0}}, {"model": "likes.likescount", "pk": 31, "fields": {"content_type": 12, "object_id": 31, "liked_num": 0}}, {"model": "likes.likescount", "pk": 32, "fields": {"content_type": 12, "object_id": 82, "liked_num": 0}}, {"model": "likes.likescount", "pk": 33, "fields": {"content_type": 12, "object_id": 83, "liked_num": 0}}, {"model": "likes.likescount", "pk": 34, "fields": {"content_type": 12, "object_id": 49, "liked_num": 0}}, {"model": "likes.likescount", "pk": 35, "fields": {"content_type": 12, "object_id": 48, "liked_num": 0}}, {"model": "likes.likescount", "pk": 36, "fields": {"content_type": 12, "object_id": 47, "liked_num": 0}}, {"model": "likes.likescount", "pk": 37, "fields": {"content_type": 12, "object_id": 46, "liked_num": 0}}, {"model": "likes.likescount", "pk": 38, "fields": {"content_type": 12, "object_id": 45, "liked_num": 0}}, {"model": "likes.likescount", "pk": 39, "fields": {"content_type": 12, "object_id": 44, "liked_num": 0}}, {"model": "likes.likescount", "pk": 40, "fields": {"content_type": 12, "object_id": 43, "liked_num": 0}}, {"model": "likes.likescount", "pk": 41, "fields": {"content_type": 12, "object_id": 50, "liked_num": 0}}, {"model": "likes.likescount", "pk": 42, "fields": {"content_type": 12, "object_id": 42, "liked_num": 0}}, {"model": "likes.likescount", "pk": 43, "fields": {"content_type": 12, "object_id": 41, "liked_num": 0}}, {"model": "likes.likescount", "pk": 44, "fields": {"content_type": 12, "object_id": 40, "liked_num": 0}}, {"model": "likes.likescount", "pk": 45, "fields": {"content_type": 12, "object_id": 39, "liked_num": 0}}, {"model": "likes.likescount", "pk": 46, "fields": {"content_type": 12, "object_id": 38, "liked_num": 0}}, {"model": "likes.likescount", "pk": 47, "fields": {"content_type": 12, "object_id": 37, "liked_num": 0}}, {"model": "likes.likescount", "pk": 48, "fields": {"content_type": 12, "object_id": 36, "liked_num": 0}}, {"model": "likes.likescount", "pk": 49, "fields": {"content_type": 12, "object_id": 35, "liked_num": 0}}, {"model": "likes.likescount", "pk": 50, "fields": {"content_type": 12, "object_id": 30, "liked_num": 0}}, {"model": "likes.likescount", "pk": 51, "fields": {"content_type": 12, "object_id": 29, "liked_num": 0}}, {"model": "likes.likescount", "pk": 52, "fields": {"content_type": 12, "object_id": 28, "liked_num": 0}}, {"model": "likes.likescount", "pk": 53, "fields": {"content_type": 12, "object_id": 27, "liked_num": 0}}, {"model": "likes.likescount", "pk": 54, "fields": {"content_type": 12, "object_id": 26, "liked_num": 0}}, {"model": "likes.likescount", "pk": 55, "fields": {"content_type": 12, "object_id": 25, "liked_num": 0}}, {"model": "likes.likescount", "pk": 56, "fields": {"content_type": 12, "object_id": 24, "liked_num": 0}}, {"model": "likes.likescount", "pk": 57, "fields": {"content_type": 12, "object_id": 23, "liked_num": 0}}, {"model": "likes.likescount", "pk": 58, "fields": {"content_type": 12, "object_id": 22, "liked_num": 0}}, {"model": "likes.likescount", "pk": 59, "fields": {"content_type": 12, "object_id": 21, "liked_num": 0}}, {"model": "likes.likescount", "pk": 60, "fields": {"content_type": 12, "object_id": 20, "liked_num": 0}}, {"model": "likes.likescount", "pk": 61, "fields": {"content_type": 12, "object_id": 19, "liked_num": 0}}, {"model": "likes.likescount", "pk": 62, "fields": {"content_type": 12, "object_id": 18, "liked_num": 0}}, {"model": "likes.likescount", "pk": 63, "fields": {"content_type": 12, "object_id": 17, "liked_num": 0}}, {"model": "likes.likescount", "pk": 64, "fields": {"content_type": 12, "object_id": 16, "liked_num": 0}}, {"model": "likes.likescount", "pk": 65, "fields": {"content_type": 12, "object_id": 15, "liked_num": 0}}, {"model": "likes.likescount", "pk": 66, "fields": {"content_type": 12, "object_id": 14, "liked_num": 0}}, {"model": "likes.likescount", "pk": 67, "fields": {"content_type": 12, "object_id": 13, "liked_num": 0}}, {"model": "likes.likescount", "pk": 68, "fields": {"content_type": 12, "object_id": 12, "liked_num": 0}}, {"model": "likes.likescount", "pk": 69, "fields": {"content_type": 12, "object_id": 11, "liked_num": 0}}, {"model": "likes.likescount", "pk": 70, "fields": {"content_type": 12, "object_id": 10, "liked_num": 0}}, {"model": "likes.likescount", "pk": 71, "fields": {"content_type": 12, "object_id": 9, "liked_num": 0}}, {"model": "likes.likescount", "pk": 72, "fields": {"content_type": 12, "object_id": 8, "liked_num": 0}}, {"model": "likes.likescount", "pk": 73, "fields": {"content_type": 12, "object_id": 51, "liked_num": 0}}, {"model": "likes.likescount", "pk": 74, "fields": {"content_type": 12, "object_id": 52, "liked_num": 0}}, {"model": "likes.likescount", "pk": 75, "fields": {"content_type": 12, "object_id": 53, "liked_num": 0}}, {"model": "likes.likescount", "pk": 76, "fields": {"content_type": 12, "object_id": 54, "liked_num": 0}}, {"model": "likes.likescount", "pk": 77, "fields": {"content_type": 12, "object_id": 55, "liked_num": 0}}, {"model": "likes.likescount", "pk": 78, "fields": {"content_type": 12, "object_id": 56, "liked_num": 0}}, {"model": "likes.likescount", "pk": 79, "fields": {"content_type": 12, "object_id": 57, "liked_num": 0}}, {"model": "likes.likescount", "pk": 80, "fields": {"content_type": 12, "object_id": 84, "liked_num": 0}}, {"model": "likes.likescount", "pk": 81, "fields": {"content_type": 12, "object_id": 85, "liked_num": 0}}, {"model": "likes.likescount", "pk": 82, "fields": {"content_type": 12, "object_id": 86, "liked_num": 0}}, {"model": "likes.likescount", "pk": 83, "fields": {"content_type": 12, "object_id": 87, "liked_num": 0}}, {"model": "likes.likescount", "pk": 84, "fields": {"content_type": 12, "object_id": 88, "liked_num": 1}}, {"model": "likes.likescount", "pk": 85, "fields": {"content_type": 12, "object_id": 90, "liked_num": 0}}, {"model": "likes.likescount", "pk": 86, "fields": {"content_type": 12, "object_id": 89, "liked_num": 0}}, {"model": "likes.likescount", "pk": 87, "fields": {"content_type": 12, "object_id": 91, "liked_num": 0}}, {"model": "likes.likescount", "pk": 88, "fields": {"content_type": 12, "object_id": 92, "liked_num": 0}}, {"model": "likes.likescount", "pk": 89, "fields": {"content_type": 12, "object_id": 93, "liked_num": 0}}, {"model": "likes.likescount", "pk": 90, "fields": {"content_type": 12, "object_id": 94, "liked_num": 0}}, {"model": "likes.likescount", "pk": 91, "fields": {"content_type": 12, "object_id": 95, "liked_num": 0}}, {"model": "likes.likescount", "pk": 92, "fields": {"content_type": 12, "object_id": 96, "liked_num": 1}}, {"model": "likes.likescount", "pk": 93, "fields": {"content_type": 12, "object_id": 97, "liked_num": 0}}, {"model": "likes.likescount", "pk": 94, "fields": {"content_type": 12, "object_id": 98, "liked_num": 1}}, {"model": "likes.likescount", "pk": 95, "fields": {"content_type": 12, "object_id": 99, "liked_num": 1}}, {"model": "likes.likescount", "pk": 96, "fields": {"content_type": 12, "object_id": 100, "liked_num": 1}}, {"model": "likes.likescount", "pk": 97, "fields": {"content_type": 12, "object_id": 101, "liked_num": 0}}, {"model": "likes.likescount", "pk": 98, "fields": {"content_type": 12, "object_id": 102, "liked_num": 0}}, {"model": "likes.likescount", "pk": 99, "fields": {"content_type": 12, "object_id": 103, "liked_num": 1}}, {"model": "likes.likescount", "pk": 100, "fields": {"content_type": 12, "object_id": 104, "liked_num": 0}}, {"model": "likes.likescount", "pk": 101, "fields": {"content_type": 12, "object_id": 105, "liked_num": 0}}, {"model": "likes.likescount", "pk": 102, "fields": {"content_type": 12, "object_id": 106, "liked_num": 1}}, {"model": "likes.likescount", "pk": 103, "fields": {"content_type": 12, "object_id": 110, "liked_num": 0}}, {"model": "likes.likescount", "pk": 104, "fields": {"content_type": 12, "object_id": 109, "liked_num": 0}}, {"model": "likes.likescount", "pk": 105, "fields": {"content_type": 12, "object_id": 108, "liked_num": 0}}, {"model": "likes.likescount", "pk": 106, "fields": {"content_type": 12, "object_id": 107, "liked_num": 0}}, {"model": "likes.likescount", "pk": 107, "fields": {"content_type": 12, "object_id": 112, "liked_num": 0}}, {"model": "likes.likescount", "pk": 108, "fields": {"content_type": 12, "object_id": 111, "liked_num": 0}}, {"model": "likes.likescount", "pk": 109, "fields": {"content_type": 12, "object_id": 113, "liked_num": 0}}, {"model": "likes.likescount", "pk": 110, "fields": {"content_type": 12, "object_id": 114, "liked_num": 0}}, {"model": "likes.likescount", "pk": 111, "fields": {"content_type": 12, "object_id": 115, "liked_num": 0}}, {"model": "likes.likescount", "pk": 112, "fields": {"content_type": 12, "object_id": 117, "liked_num": 0}}, {"model": "likes.likescount", "pk": 113, "fields": {"content_type": 12, "object_id": 116, "liked_num": 0}}, {"model": "likes.likescount", "pk": 114, "fields": {"content_type": 12, "object_id": 121, "liked_num": 0}}, {"model": "likes.likescount", "pk": 115, "fields": {"content_type": 12, "object_id": 120, "liked_num": 0}}, {"model": "likes.likescount", "pk": 116, "fields": {"content_type": 12, "object_id": 119, "liked_num": 0}}, {"model": "likes.likescount", "pk": 117, "fields": {"content_type": 12, "object_id": 118, "liked_num": 0}}, {"model": "likes.likescount", "pk": 118, "fields": {"content_type": 12, "object_id": 123, "liked_num": 0}}, {"model": "likes.likescount", "pk": 119, "fields": {"content_type": 12, "object_id": 122, "liked_num": 0}}, {"model": "likes.likescount", "pk": 120, "fields": {"content_type": 12, "object_id": 126, "liked_num": 0}}, {"model": "likes.likescount", "pk": 121, "fields": {"content_type": 12, "object_id": 125, "liked_num": 0}}, {"model": "likes.likescount", "pk": 122, "fields": {"content_type": 12, "object_id": 124, "liked_num": 0}}, {"model": "likes.likescount", "pk": 123, "fields": {"content_type": 12, "object_id": 129, "liked_num": 0}}, {"model": "likes.likescount", "pk": 124, "fields": {"content_type": 12, "object_id": 128, "liked_num": 0}}, {"model": "likes.likescount", "pk": 125, "fields": {"content_type": 12, "object_id": 127, "liked_num": 0}}, {"model": "likes.likesrecord", "pk": 14, "fields": {"content_type": 12, "object_id": 80, "user": 1, "liked_time": "2021-02-11T16:04:31.773Z"}}, {"model": "likes.likesrecord", "pk": 23, "fields": {"content_type": 8, "object_id": 36, "user": 1, "liked_time": "2021-02-13T17:00:50.627Z"}}, {"model": "likes.likesrecord", "pk": 43, "fields": {"content_type": 8, "object_id": 35, "user": 1, "liked_time": "2021-02-13T17:33:44.162Z"}}, {"model": "likes.likesrecord", "pk": 44, "fields": {"content_type": 12, "object_id": 88, "user": 1, "liked_time": "2021-02-14T15:02:43.985Z"}}, {"model": "likes.likesrecord", "pk": 51, "fields": {"content_type": 12, "object_id": 96, "user": 1, "liked_time": "2021-02-14T15:06:00.943Z"}}, {"model": "likes.likesrecord", "pk": 61, "fields": {"content_type": 12, "object_id": 98, "user": 1, "liked_time": "2021-02-14T15:07:28.545Z"}}, {"model": "likes.likesrecord", "pk": 68, "fields": {"content_type": 12, "object_id": 99, "user": 1, "liked_time": "2021-02-14T15:15:29.107Z"}}, {"model": "likes.likesrecord", "pk": 69, "fields": {"content_type": 12, "object_id": 100, "user": 1, "liked_time": "2021-02-14T15:30:12.128Z"}}, {"model": "likes.likesrecord", "pk": 77, "fields": {"content_type": 12, "object_id": 103, "user": 1, "liked_time": "2021-02-14T15:43:33.922Z"}}, {"model": "likes.likesrecord", "pk": 87, "fields": {"content_type": 12, "object_id": 106, "user": 1, "liked_time": "2021-02-14T15:54:23.676Z"}}, {"model": "user.profile", "pk": 1, "fields": {"user": 1, "nickname": "蜡笔"}}]